,Region,Census year,Mean rent per person,Cost of living proportion
0,Abbotsford,2006,120.91159420289856,0.8882347350914706
1,Abbotsford,2011,173.50720461095105,1.0606793593801673
2,Abbotsford,2016,241.28706939590612,1.2829084242488724
3,Airport West,2006,71.93939393939394,0.7276701440635867
4,Airport West,2011,110.52021089630932,0.8541646258895388
5,Airport West,2016,127.2093352192362,0.9088830662925778
6,Albert Park,2006,161.311072056239,1.0206920395286525
7,Albert Park,2011,225.11304684475417,1.2298788421139482
8,Albert Park,2016,248.6054875787912,1.30690323796325
9,Alphington - Fairfield,2006,106.4928961748634,0.840960315327421
10,Alphington - Fairfield,2011,161.2068328716528,1.020350271710337
11,Alphington - Fairfield,2016,188.069823434992,1.1084256506065313
12,Altona,2006,78.44104410441044,0.748987029850526
13,Altona,2011,114.98476770754,0.8688025170739017
14,Altona,2016,137.60014154281671,0.9429512837469399
15,Altona Meadows,2006,71.50836820083683,0.7262569449207765
16,Altona Meadows,2011,95.7754846779237,0.8058212612390941
17,Altona Meadows,2016,104.99553820412716,0.8360509449315645
18,Altona North,2006,69.35858101629914,0.7192084623485218
19,Altona North,2011,102.50040225261463,0.827870171320048
20,Altona North,2016,122.15560026827632,0.8923134435025453
21,Ardeer - Albion,2006,74.46589446589446,0.735953752347195
22,Ardeer - Albion,2011,113.9242105263158,0.8653252804141501
23,Ardeer - Albion,2016,120.07841328413286,0.8855029943742061
24,Armadale,2006,129.435718809373,0.916182684620895
25,Armadale,2011,189.96612296110413,1.1146430261019808
26,Armadale,2016,211.4658952496955,1.185134082785887
27,Ascot Vale,2006,80.54468802698145,0.7558842230392835
28,Ascot Vale,2011,117.23636363636362,0.8761847988077497
29,Ascot Vale,2016,142.3951465201465,0.958672611541464
30,Ashburton (Vic.),2006,77.61881977671452,0.7462912123826706
31,Ashburton (Vic.),2011,108.58588957055214,0.8478225887559087
32,Ashburton (Vic.),2016,136.07142857142856,0.9379391100702575
33,Ashwood - Chadstone,2006,78.45761670761671,0.7490413662544809
34,Ashwood - Chadstone,2011,110.77045579352004,0.8549851009623608
35,Ashwood - Chadstone,2016,134.26344086021504,0.9320112815089018
36,Aspendale Gardens - Waterways,2006,74.51700680272108,0.7361213337794134
37,Aspendale Gardens - Waterways,2011,113.66507177033492,0.8644756451486391
38,Aspendale Gardens - Waterways,2016,125.7767441860465,0.9041860465116278
39,Bacchus Marsh,2006,59.51366120218579,0.6869300367284781
40,Bacchus Marsh,2011,77.66666666666666,0.746448087431694
41,Bacchus Marsh,2016,89.22529644268775,0.7843452342383205
42,Balwyn,2006,109.22190201729109,0.8499078754665281
43,Balwyn,2011,150.52789699570815,0.9853373671990431
44,Balwyn,2016,172.84952229299364,1.0585230239114545
45,Balwyn North,2006,104.32987312572088,0.8338684364777734
46,Balwyn North,2011,139.65963855421688,0.9497037329646455
47,Balwyn North,2016,158.77958446251128,1.0123920802049549
48,Bayswater,2006,72.48358208955223,0.7294543675067285
49,Bayswater,2011,100.91611687087654,0.8226757930192673
50,Bayswater,2016,117.58001502629602,0.8773115246763803
51,Bayswater North,2006,67.27563249001331,0.7123791229180765
52,Bayswater North,2011,95.5603448275862,0.8051158846806106
53,Bayswater North,2016,102.467680608365,0.827762887240541
54,Beaconsfield - Officer,2006,74.08421052631579,0.734702329594478
55,Beaconsfield - Officer,2011,101.2982456140351,0.8239286741443773
56,Beaconsfield - Officer,2016,106.65936739659368,0.8415061226117825
57,Beaumaris,2006,115.07795100222717,0.869108036072876
58,Beaumaris,2011,162.64015904572562,1.0250497017892644
59,Beaumaris,2016,189.4766536964981,1.1130382088409774
60,Belgrave - Selby,2006,63.45833333333333,0.699863387978142
61,Belgrave - Selby,2011,82.24418604651163,0.7614563476934808
62,Belgrave - Selby,2016,102.60089686098657,0.8281996618393002
63,Bentleigh - McKinnon,2006,98.42442645074225,0.8145063162319418
64,Bentleigh - McKinnon,2011,146.36112742219612,0.9716758276137577
65,Bentleigh - McKinnon,2016,174.76413155190136,1.0648004313177093
66,Bentleigh East (North),2006,88.98081534772183,0.7835436568777765
67,Bentleigh East (North),2011,132.6903023983316,0.926853450486333
68,Bentleigh East (North),2016,155.0153707052441,1.0000503957548987
69,Bentleigh East (South),2006,81.12756598240469,0.7577952983029662
70,Bentleigh East (South),2011,122.45019404915912,0.8932793247513413
71,Bentleigh East (South),2016,152.31788079470198,0.9912061665400065
72,Berwick - North,2006,70.21355060034305,0.7220116413126002
73,Berwick - North,2011,98.58298582151794,0.8150261830213702
74,Berwick - North,2016,109.63385269121812,0.85125853341383
75,Berwick - South,2006,70.64989939637827,0.7234422931028796
76,Berwick - South,2011,96.75247524752476,0.8090245090082779
77,Berwick - South,2016,107.87435456110155,0.8454896870855788
78,Blackburn,2006,80.68316831683168,0.7563382567764974
79,Blackburn,2011,116.39520958083833,0.8734269166584864
80,Blackburn,2016,149.56161971830986,0.9821692449780652
81,Blackburn South,2006,69.3819018404908,0.7192849240671829
82,Blackburn South,2011,96.21857142857144,0.8072740046838408
83,Blackburn South,2016,119.5759162303665,0.8838554630503819
84,Boronia,2006,68.54561611374407,0.7165430036516199
85,Boronia,2011,97.00433604336042,0.8098502821093784
86,Boronia,2016,115.48005766458434,0.8704264185724078
87,Box Hill,2006,93.7968984492246,0.7993340932761462
88,Box Hill,2011,139.88425129087778,0.9504401681668124
89,Box Hill,2016,170.95089285714286,1.0522980093676817
90,Box Hill North,2006,88.04588607594937,0.7804783150031127
91,Box Hill North,2011,121.44322344322345,0.8899777817810606
92,Box Hill North,2016,145.32240762812873,0.9682701889446844
93,Braeside,2006,0.0,0.4918032786885246
94,Braeside,2011,0.0,0.4918032786885246
95,Braeside,2016,0.0,0.4918032786885246
96,Braybrook,2006,59.84788895315212,0.6880258654201709
97,Braybrook,2011,95.15124045801528,0.8037745588787386
98,Braybrook,2016,118.37269372693729,0.8799104712358601
99,Brighton (Vic.),2006,134.93096896770106,0.9341998982547576
100,Brighton (Vic.),2011,187.59071729957805,1.1068548108182887
101,Brighton (Vic.),2016,223.82501313715187,1.2256557807775472
102,Brighton East,2006,123.88449197860965,0.8979819409134742
103,Brighton East,2011,164.67995802728228,1.0317375673025648
104,Brighton East,2016,186.4422535211268,1.103089355806973
105,Broadmeadows,2006,54.312271062271066,0.6698762985648231
106,Broadmeadows,2011,81.85194174757281,0.7601703008117142
107,Broadmeadows,2016,101.01785714285715,0.8230093676814989
108,Brunswick,2006,106.30475678581028,0.8403434648715091
109,Brunswick,2011,162.42312220390863,1.0243381055865857
110,Brunswick,2016,199.5192607003891,1.1459647891816036
111,Brunswick East,2006,112.97957516339868,0.8622281152898318
112,Brunswick East,2011,165.98879367172052,1.036028831710559
113,Brunswick East,2016,215.0216,1.1967921311475411
114,Brunswick West,2006,98.24706943192064,0.8139248178095758
115,Brunswick West,2011,150.13502285002076,0.9840492552459696
116,Brunswick West,2016,171.39388145315488,1.0537504309939505
117,Bulleen,2006,82.30909090909091,0.7616691505216096
118,Bulleen,2011,116.06666666666668,0.8723497267759562
119,Bulleen,2016,131.43208092485548,0.922728134179854
120,Bundoora - East,2006,67.02093023255813,0.7115440335493709
121,Bundoora - East,2011,93.66731898238748,0.7989092425652049
122,Bundoora - East,2016,113.07890743550834,0.8625537948705191
123,Bundoora - North,2006,75.25190839694656,0.7385308472031035
124,Bundoora - North,2011,140.6625386996904,0.9529919301629194
125,Bundoora - North,2016,156.53836477987423,1.0050438189504072
126,Bundoora - West,2006,70.8215859030837,0.7240051996822416
127,Bundoora - West,2011,102.44519015659957,0.8276891480544247
128,Bundoora - West,2016,114.2941176470588,0.8665380906460943
129,Bunyip - Garfield,2006,50.08968609865471,0.6560317577005073
130,Bunyip - Garfield,2011,73.0,0.7311475409836066
131,Bunyip - Garfield,2016,88.85616438356163,0.7831349651920053
132,Burnside,2006,70.12162162162161,0.7217102348249889
133,Burnside,2011,86.39449541284404,0.7750639193863739
134,Burnside,2016,100.32758620689656,0.8207461842849068
135,Burnside Heights,2006,69.0,0.7180327868852459
136,Burnside Heights,2011,96.7846153846154,0.8091298865069357
137,Burnside Heights,2016,105.07817589576548,0.8363218881828376
138,Burwood,2006,84.27598152424943,0.7681179722106539
139,Burwood,2011,118.1511423550088,0.8791840732951108
140,Burwood,2016,149.76630083925113,0.9828403306204955
141,Burwood East,2006,79.7594501718213,0.7533096726944961
142,Burwood East,2011,108.73383458646616,0.8483076543818563
143,Burwood East,2016,124.49230769230768,0.8999747793190416
144,Cairnlea,2006,65.48148148148148,0.7064966605950213
145,Cairnlea,2011,86.05761316872427,0.7739593874384403
146,Cairnlea,2016,102.57089552238806,0.828101296794715
147,Camberwell,2006,115.80684410646388,0.8714978495293897
148,Camberwell,2011,159.17375366568916,1.0136844382481611
149,Camberwell,2016,193.2680756395996,1.1254691004577035
150,Campbellfield - Coolaroo,2006,70.06489675516224,0.7215242516562697
151,Campbellfield - Coolaroo,2011,97.03800904977376,0.8099606854090943
152,Campbellfield - Coolaroo,2016,103.87800963081862,0.8323869168223561
153,Carlton,2006,141.6159780985565,0.9561179609788738
154,Carlton,2011,202.42730746028556,1.1554993687222477
155,Carlton,2016,230.10596235963945,1.2462490569168505
156,Carlton North - Princes Hill,2006,126.8513101767215,0.9077092136941688
157,Carlton North - Princes Hill,2011,183.7202998846597,1.094164917654622
158,Carlton North - Princes Hill,2016,207.41809290953543,1.1718625997033947
159,Carnegie,2006,105.81452991452991,0.8387361636541965
160,Carnegie,2011,159.17862481315396,1.0137004092234556
161,Carnegie,2016,192.1491909385113,1.1218006260279059
162,Caroline Springs,2006,75.38775510204081,0.7389762462361994
163,Caroline Springs,2011,100.2098901098901,0.8203602954422626
164,Caroline Springs,2016,114.77031509121062,0.8680993937416741
165,Carrum - Patterson Lakes,2006,79.3723797780518,0.7520405894362354
166,Carrum - Patterson Lakes,2011,110.31271878646442,0.8534843238900472
167,Carrum - Patterson Lakes,2016,130.41601779755285,0.9193967796641077
168,Carrum Downs,2006,66.5937984496124,0.710143601474139
169,Carrum Downs,2011,95.30337078651684,0.8042733468410388
170,Carrum Downs,2016,111.88026052104208,0.8586238049870233
171,Caulfield - North,2006,113.88049713193118,0.8651819578096104
172,Caulfield - North,2011,156.48647506339813,1.004873688732453
173,Caulfield - North,2016,189.45394976337823,1.1129637697159942
174,Caulfield - South,2006,107.39367816091956,0.8439136988882607
175,Caulfield - South,2011,152.28211749515816,0.9910889098201907
176,Caulfield - South,2016,182.0637054354179,1.088733460443993
177,Chelsea - Bonbeach,2006,73.6716129032258,0.7333495505023797
178,Chelsea - Bonbeach,2011,113.1758823529412,0.8628717454194793
179,Chelsea - Bonbeach,2016,135.61611639619474,0.9364462832662123
180,Chelsea Heights,2006,75.87209302325581,0.7405642394205109
181,Chelsea Heights,2011,112.390625,0.860297131147541
182,Chelsea Heights,2016,108.52,0.8476065573770492
183,Cheltenham - Highett (East),2006,87.84118016321406,0.7798071480761117
184,Cheltenham - Highett (East),2011,124.56379988757728,0.9002091799592697
185,Cheltenham - Highett (East),2016,154.64278982092367,0.9988288190849957
186,Cheltenham - Highett (West),2006,86.48525469168901,0.775361490792423
187,Cheltenham - Highett (West),2011,122.08371040723982,0.8920777390401307
188,Cheltenham - Highett (West),2016,154.23595505617976,0.9974949346104255
189,Chirnside Park,2006,68.05376344086022,0.7149303719372466
190,Chirnside Park,2011,97.74342105263158,0.8122735116479723
191,Chirnside Park,2016,110.6075,0.8544508196721312
192,Clarinda - Oakleigh South,2006,65.45017182130584,0.7063940059714946
193,Clarinda - Oakleigh South,2011,92.45616641901933,0.7949382505541617
194,Clarinda - Oakleigh South,2016,109.97983870967742,0.8523929138022212
195,Clayton,2006,94.13881349360216,0.8004551262085317
196,Clayton,2011,126.8833276969902,0.9078141891704596
197,Clayton,2016,153.6117911566325,0.9954484955955165
198,Clayton South,2006,73.01850220264318,0.7312082039430924
199,Clayton South,2011,111.672454617206,0.8579424741547736
200,Clayton South,2016,138.26394984326018,0.9451277044041319
201,Coburg,2006,87.27114769090078,0.7779381891504943
202,Coburg,2011,135.10157480314962,0.9347592616496708
203,Coburg,2016,160.52320675105483,1.0181088745936224
204,Coburg North,2006,68.72631578947369,0.7171354616048318
205,Coburg North,2011,109.64668769716089,0.8513006154005275
206,Coburg North,2016,126.3108108108108,0.9059370846256093
207,Collingwood,2006,102.77146720757268,0.8287589088772875
208,Collingwood,2011,152.4979154258487,0.9917964440191761
209,Collingwood,2016,207.53547297297297,1.1722474523704032
210,Craigieburn - Central,2006,61.59289617486338,0.6937472005733225
211,Craigieburn - Central,2011,89.23789473684211,0.7843865401207939
212,Craigieburn - Central,2016,100.35472370766487,0.8208351596972618
213,Craigieburn - North,2006,69.86538461538461,0.7208701134930643
214,Craigieburn - North,2011,96.502538071066,0.8082050428559541
215,Craigieburn - North,2016,107.25806451612902,0.8434690639873083
216,Craigieburn - South,2006,66.20654911838791,0.708873931535698
217,Craigieburn - South,2011,91.08280254777073,0.7904354181894122
218,Craigieburn - South,2016,104.84569983136592,0.835559671578249
219,Craigieburn - West,2006,0.0,0.4918032786885246
220,Craigieburn - West,2011,104.0,0.8327868852459016
221,Craigieburn - West,2016,113.32434514637904,0.8633585086766526
222,Cranbourne,2006,61.61752136752136,0.6938279389099061
223,Cranbourne,2011,85.87910798122066,0.7733741245285923
224,Cranbourne,2016,100.60073645449762,0.8216417588672054
225,Cranbourne East,2006,68.91925465838509,0.7177680480602789
226,Cranbourne East,2011,102.14221218961625,0.826695777670873
227,Cranbourne East,2016,107.5638852672751,0.8444717549746725
228,Cranbourne North,2006,58.08743169398908,0.6822538744065216
229,Cranbourne North,2011,88.21115973741794,0.7810201958603867
230,Cranbourne North,2016,99.00545171339564,0.8164113170931004
231,Cranbourne South,2006,68.19166666666666,0.7153825136612022
232,Cranbourne South,2011,99.70731707317071,0.8187125149940023
233,Cranbourne South,2016,109.2741116751269,0.8500790546725472
234,Cranbourne West,2006,62.52609603340292,0.6968068722406653
235,Cranbourne West,2011,87.48048048048048,0.7786245261655098
236,Cranbourne West,2016,99.57142857142856,0.8182669789227166
237,Croydon - East,2006,73.44156804733728,0.732595305073237
238,Croydon - East,2011,106.3103666245259,0.8403618577853308
239,Croydon - East,2016,118.48978400467016,0.8802943737858037
240,Croydon - West,2006,70.40129032258065,0.7226271813855103
241,Croydon - West,2011,100.15309842041312,0.8201740931816824
242,Croydon - West,2016,117.0265748031496,0.8754969665677037
243,Croydon Hills - Warranwood,2006,74.33695652173913,0.7355310049893086
244,Croydon Hills - Warranwood,2011,98.65414710485132,0.8152594987044306
245,Croydon Hills - Warranwood,2016,111.0747922437673,0.855982925389401
246,Croydon South,2006,67.21311475409836,0.7121741467347487
247,Croydon South,2011,89.17977528089888,0.7841959845275372
248,Croydon South,2016,102.38078291814946,0.8274779767808179
249,Dandenong,2006,70.41722045651545,0.7226794113328375
250,Dandenong,2011,104.61783132530118,0.834812561722299
251,Dandenong,2016,123.77092155676549,0.8976095788746409
252,Dandenong North,2006,60.15672131147541,0.6890384305294275
253,Dandenong North,2011,86.91296728971962,0.7767638271794086
254,Dandenong North,2016,100.05194123819516,0.8198424302891645
255,Deer Park - Derrimut,2006,58.19347581552306,0.6826015600508953
256,Deer Park - Derrimut,2011,86.73340961098398,0.776175113478636
257,Deer Park - Derrimut,2016,99.8193677872554,0.819079894384444
258,Delahey,2006,64.23529411764706,0.7024108003857281
259,Delahey,2011,89.73809523809524,0.7860265417642467
260,Delahey,2016,109.77551020408164,0.8517229842756775
261,Dingley Village,2006,77.33680555555556,0.7453665755919854
262,Dingley Village,2011,112.16510903426791,0.8595577345385833
263,Dingley Village,2016,133.19016393442624,0.9284923407686105
264,Docklands,2006,211.0,1.1836065573770491
265,Docklands,2011,284.9334565619224,1.4260113329899096
266,Docklands,2016,286.5104094378904,1.4311816702881652
267,Doncaster,2006,88.36430062630481,0.7815222971354256
268,Doncaster,2011,130.58133971291866,0.9199388187308808
269,Doncaster,2016,162.08755760368663,1.023237893782579
270,Doncaster East (North),2006,93.44843049327356,0.7981915753877822
271,Doncaster East (North),2011,121.96086105675148,0.891674954284431
272,Doncaster East (North),2016,143.43333333333334,0.9620765027322404
273,Doncaster East (South),2006,82.84267453294002,0.7634186050260329
274,Doncaster East (South),2011,119.34261603375528,0.8830905443729682
275,Doncaster East (South),2016,144.46861313868612,0.9654708627497905
276,Donvale - Park Orchards,2006,84.28066528066529,0.7681333287890665
277,Donvale - Park Orchards,2011,117.30534351145036,0.8764109623326242
278,Donvale - Park Orchards,2016,123.20284697508896,0.8957470392625868
279,Doreen,2006,72.0,0.7278688524590164
280,Doreen,2011,101.0,0.8229508196721311
281,Doreen,2016,98.84779516358464,0.8158944103724086
282,Doveton,2006,51.59797979797981,0.660976982944196
283,Doveton,2011,82.7958833619211,0.7632651913505609
284,Doveton,2016,97.18083573487031,0.8104289696225255
285,Dromana,2006,63.4248788368336,0.6997537011043725
286,Dromana,2011,96.4390243902439,0.8079968012794883
287,Dromana,2016,113.88782358581015,0.8652059789698694
288,East Melbourne,2006,167.31746031746027,1.0403851157949515
289,East Melbourne,2011,240.3012244897959,1.2796761458681833
290,East Melbourne,2016,269.6808134394341,1.376002667014538
291,Edithvale - Aspendale,2006,79.56724367509986,0.7526794874593438
292,Edithvale - Aspendale,2011,117.01494252873565,0.8754588279630677
293,Edithvale - Aspendale,2016,142.30076004343107,0.9583631476833806
294,Elsternwick,2006,121.14150943396226,0.8889885555211877
295,Elsternwick,2011,169.25306416726747,1.0467313579254671
296,Elsternwick,2016,198.818473380372,1.1436671258372852
297,Eltham,2006,78.98380566801619,0.7507665759607088
298,Eltham,2011,105.89769820971868,0.8390088465892416
299,Eltham,2016,125.78215223097112,0.9042037778064627
300,Elwood,2006,139.77578197584393,0.9500845310683408
301,Elwood,2011,198.52868174296748,1.1427169893212048
302,Elwood,2016,220.51095085470084,1.2147900028022978
303,Emerald - Cockatoo,2006,60.80452674897119,0.6911623827835122
304,Emerald - Cockatoo,2011,82.69794050343249,0.7629440672243689
305,Emerald - Cockatoo,2016,98.81896551724138,0.8157998869417751
306,Endeavour Hills - North,2006,53.35135135135135,0.6667257421355782
307,Endeavour Hills - North,2011,79.5408163265306,0.7525928404148544
308,Endeavour Hills - North,2016,92.20840064620356,0.7941259037580445
309,Endeavour Hills - South,2006,60.51525423728813,0.6902139483189775
310,Endeavour Hills - South,2011,87.6973058637084,0.7793354290613389
311,Endeavour Hills - South,2016,98.6580226904376,0.8152722055424184
312,Epping - East,2006,67.88143176733782,0.7143653500568452
313,Epping - East,2011,95.41389728096678,0.804635728790055
314,Epping - East,2016,104.3579604578564,0.8339605260913324
315,Epping - South,2006,65.12732919254658,0.7053355055493331
316,Epping - South,2011,95.3637532133676,0.8044713220110413
317,Epping - South,2016,100.95947556615018,0.8228179526759022
318,Epping - West,2006,71.28421052631579,0.7255220017256255
319,Epping - West,2011,99.468438538206,0.8179293066826426
320,Epping - West,2016,114.03030303030305,0.8656731246895182
321,Essendon - Aberfeldie,2006,94.4232283464567,0.8013876339228089
322,Essendon - Aberfeldie,2011,139.42432915921287,0.9489322267515177
323,Essendon - Aberfeldie,2016,166.5964961853631,1.0380212989684037
324,Essendon Airport,2006,0.0,0.4918032786885246
325,Essendon Airport,2011,0.0,0.4918032786885246
326,Essendon Airport,2016,0.0,0.4918032786885246
327,Fawkner,2006,68.86206896551724,0.7175805539853024
328,Fawkner,2011,100.8198689956332,0.8223602262151909
329,Fawkner,2016,116.39685314685316,0.8734323053995187
330,Ferntree Gully (North),2006,69.00436681222706,0.7180471043023838
331,Ferntree Gully (North),2011,95.04902962206332,0.8034394413838141
332,Ferntree Gully (North),2016,109.66822429906544,0.8513712272100507
333,Ferntree Gully (South) - Upper Ferntree Gully,2006,63.76287051482059,0.7008618705403953
334,Ferntree Gully (South) - Upper Ferntree Gully,2011,90.13434903047091,0.7873257345261341
335,Ferntree Gully (South) - Upper Ferntree Gully,2016,104.00125628140704,0.8327910042013346
336,Fitzroy,2006,111.2157248157248,0.856444999395819
337,Fitzroy,2011,161.62341772151896,1.0217161236771115
338,Fitzroy,2016,198.6776755852843,1.1432054937222436
339,Fitzroy North,2006,112.40644846116268,0.8603490113480743
340,Fitzroy North,2011,162.11483693155716,1.0233273342018268
341,Fitzroy North,2016,199.1893142616744,1.1448829975792605
342,Flemington,2006,79.75070501974055,0.7532810000647232
343,Flemington,2011,129.06451612903226,0.9149656266525648
344,Flemington,2016,153.2154488517745,0.9941490126287689
345,Flemington Racecourse,2006,0.0,0.4918032786885246
346,Flemington Racecourse,2011,165.0,1.0327868852459017
347,Flemington Racecourse,2016,72.0,0.7278688524590164
348,Flinders,2006,60.631578947368425,0.690595340811044
349,Flinders,2011,90.0,0.7868852459016393
350,Flinders,2016,115.0,0.8688524590163934
351,Footscray,2006,78.91507118311242,0.7505412169938112
352,Footscray,2011,128.49803304484658,0.9131083050650708
353,Footscray,2016,157.27321960465747,1.0074531790316639
354,Forest Hill,2006,74.10555555555555,0.7347723132969035
355,Forest Hill,2011,101.98901098901098,0.826193478652495
356,Forest Hill,2016,119.75025906735752,0.884427078909369
357,Frankston,2006,68.11309323460115,0.7151248958511512
358,Frankston,2011,100.11898734177214,0.8200622535795807
359,Frankston,2016,115.13090241343129,0.8692816472571517
360,Frankston North,2006,58.842654028436016,0.684730013207987
361,Frankston North,2011,81.0585657370518,0.7575690679903337
362,Frankston North,2016,95.07454401268834,0.8035230951235683
363,Frankston South,2006,69.71018276762402,0.7203612549758165
364,Frankston South,2011,97.22947368421052,0.8105884383088869
365,Frankston South,2016,116.9509394572025,0.8752489818268934
366,Gisborne,2006,67.59610705596107,0.7134298591998723
367,Gisborne,2011,90.0884086444008,0.7871751103095108
368,Gisborne,2016,111.00171821305842,0.8557433384034703
369,Gladstone Park - Westmeadows,2006,60.90588235294118,0.6914946962391514
370,Gladstone Park - Westmeadows,2011,88.66777041942603,0.7825172800636919
371,Gladstone Park - Westmeadows,2016,103.04191033138402,0.8296456076438821
372,Glen Iris - East,2006,109.323155216285,0.8502398531681475
373,Glen Iris - East,2011,165.79417879417878,1.0353907501448485
374,Glen Iris - East,2016,192.1194731890875,1.1217031907838935
375,Glen Waverley - East,2006,85.23044838373306,0.7712473717499445
376,Glen Waverley - East,2011,120.62057335581788,0.8872805683797308
377,Glen Waverley - East,2016,131.10586552217455,0.9216585754825395
378,Glen Waverley - West,2006,87.54537743850722,0.7788373030770729
379,Glen Waverley - West,2011,120.12517882689556,0.8856563240226083
380,Glen Waverley - West,2016,140.7826086956522,0.9533856022808268
381,Glenroy,2006,70.21111111111111,0.7220036429872495
382,Glenroy,2011,105.15202876219826,0.8365640287285189
383,Glenroy,2016,126.57026713124276,0.9067877610860419
384,Gowanbrae,2006,82.35245901639345,0.7618113410373556
385,Gowanbrae,2011,106.8074074074074,0.8419914996964176
386,Gowanbrae,2016,129.35714285714286,0.9159250585480094
387,Greensborough,2006,77.362,0.7454491803278689
388,Greensborough,2011,102.38729874776384,0.8274993401566028
389,Greensborough,2016,121.23464163822526,0.8892939070105745
390,Greenvale - Bulla,2006,70.8695652173913,0.7241625089094798
391,Greenvale - Bulla,2011,100.91954022988506,0.8226870171471641
392,Greenvale - Bulla,2016,108.050139275766,0.8460660304123476
393,Hadfield,2006,64.97538461538461,0.7048373266078184
394,Hadfield,2011,99.95767195767196,0.8195333506808916
395,Hadfield,2016,111.98419864559818,0.8589645857232728
396,Hallam,2006,64.8822463768116,0.7045319553338085
397,Hallam,2011,91.59476117103236,0.7921139710525651
398,Hallam,2016,100.24338624338624,0.8204701188307745
399,Hampton,2006,95.38758029978588,0.8045494436058553
400,Hampton,2011,135.55172413793105,0.9362351611079707
401,Hampton,2016,164.84461152882204,1.032277414848597
402,Hampton Park - Lynbrook,2006,60.56236162361624,0.6903683987659549
403,Hampton Park - Lynbrook,2011,86.76543209876543,0.7762801052418539
404,Hampton Park - Lynbrook,2016,99.71304347826089,0.8187312900926587
405,Hastings - Somers,2006,57.51212938005391,0.6803676373116522
406,Hastings - Somers,2011,82.78904109589041,0.763242757691444
407,Hastings - Somers,2016,96.8985650667986,0.8095034920222904
408,Hawthorn,2006,130.5467875233271,0.9198255328633675
409,Hawthorn,2011,183.0410465674508,1.0919378575981993
410,Hawthorn,2016,212.9688964635705,1.190061955618264
411,Hawthorn East,2006,125.92327903310562,0.904666488633133
412,Hawthorn East,2011,180.50074147305983,1.0836089884362619
413,Hawthorn East,2016,208.78648540583765,1.1763491324781563
414,Healesville - Yarra Glen,2006,59.6875,0.6875
415,Healesville - Yarra Glen,2011,83.55569155446756,0.7657563657523526
416,Healesville - Yarra Glen,2016,97.05670103092784,0.8100219705932061
417,Heidelberg - Rosanna,2006,90.08984725965858,0.7871798270808479
418,Heidelberg - Rosanna,2011,131.44688922610015,0.9227766859872136
419,Heidelberg - Rosanna,2016,152.1583769633508,0.9906832031585272
420,Heidelberg West,2006,63.15154586923467,0.6988575274401136
421,Heidelberg West,2011,92.33794025858224,0.7945506237986303
422,Heidelberg West,2016,109.7722816399287,0.8517123988194383
423,Hillside,2006,65.58955223880596,0.7068509909469048
424,Hillside,2011,91.8110918544194,0.792823251981703
425,Hillside,2016,104.20815752461324,0.8334693689331582
426,Hoppers Crossing - North,2006,61.54085155350978,0.6935765624705239
427,Hoppers Crossing - North,2011,82.91858237547893,0.7636674831982916
428,Hoppers Crossing - North,2016,93.1125718981101,0.7970903996659348
429,Hoppers Crossing - South,2006,62.946246524559776,0.6981844148346222
430,Hoppers Crossing - South,2011,82.16869300911854,0.7612088295380937
431,Hoppers Crossing - South,2016,95.42305334150828,0.8046657486606829
432,Hughesdale,2006,92.14179104477611,0.7939075116222167
433,Hughesdale,2011,130.90941176470585,0.9210144648023143
434,Hughesdale,2016,163.7433439829606,1.0286667015834774
435,Hurstbridge,2006,61.10714285714286,0.6921545667447306
436,Hurstbridge,2011,96.4,0.8078688524590164
437,Hurstbridge,2016,117.247311827957,0.8762206945178918
438,Ivanhoe,2006,92.9735849056604,0.7966347046087227
439,Ivanhoe,2011,141.84595959595958,0.9568719986752773
440,Ivanhoe,2016,166.86567164179107,1.0389038414484955
441,Ivanhoe East - Eaglemont,2006,109.32121212121211,0.8502334823646299
442,Ivanhoe East - Eaglemont,2011,142.9430894308943,0.9604691456750633
443,Ivanhoe East - Eaglemont,2016,164.26582278481015,1.0303797468354432
444,Keilor,2006,68.5724907063197,0.7166311170699006
445,Keilor,2011,99.08361204013376,0.8166675804594549
446,Keilor,2016,116.46540880503144,0.8736570780492833
447,Keilor Downs,2006,57.19748653500898,0.6793360214262589
448,Keilor Downs,2011,81.62519936204146,0.7594268831542342
449,Keilor Downs,2016,93.87245590230664,0.7995818226305136
450,Keilor East,2006,69.84829991281605,0.7208140980748068
451,Keilor East,2011,100.37751937984495,0.820909899606049
452,Keilor East,2016,114.8701044386423,0.8684265719299749
453,Kensington (Vic.),2006,108.62756264236904,0.8479592217782592
454,Kensington (Vic.),2011,147.3784186971656,0.9750112088431659
455,Kensington (Vic.),2016,175.87562189054722,1.0684446619362205
456,Kew,2006,119.66249398170436,0.8841393245301782
457,Kew,2011,169.40715883668904,1.0472365863498
458,Kew,2016,191.10871302957636,1.1183892230477914
459,Kew East,2006,102.99076212471132,0.8294779086056109
460,Kew East,2011,150.26612903225805,0.984479111581174
461,Kew East,2016,173.76050420168067,1.0615098498415758
462,Keysborough,2006,60.75971731448763,0.6910154666048774
463,Keysborough,2011,91.8189448441247,0.7928489994889334
464,Keysborough,2016,111.8804979253112,0.8586245833616761
465,Kilsyth,2006,65.17155756207676,0.705480516596973
466,Kilsyth,2011,94.95728155339806,0.803138628043928
467,Kilsyth,2016,110.8706896551724,0.8553137365743357
468,Kinglake,2006,59.694736842105264,0.6875237273511648
469,Kinglake,2011,67.0126582278481,0.7115169122224528
470,Kinglake,2016,94.88888888888889,0.8029143897996357
471,Kings Park (Vic.),2006,53.47272727272727,0.667123695976155
472,Kings Park (Vic.),2011,77.91282051282052,0.7472551492223624
473,Kings Park (Vic.),2016,90.69125993189556,0.7891516719078543
474,Kingsbury,2006,88.56727272727272,0.782187779433681
475,Kingsbury,2011,128.39294117647057,0.9127637415621986
476,Kingsbury,2016,143.90328820116054,0.9636173383644607
477,Knoxfield - Scoresby,2006,68.07097791798107,0.7149868128458395
478,Knoxfield - Scoresby,2011,97.81266846361186,0.812500552339711
479,Knoxfield - Scoresby,2016,114.01525940996947,0.8656238013441622
480,Koo Wee Rup,2006,49.22413793103448,0.6531938948558508
481,Koo Wee Rup,2011,71.91048593350384,0.727575363716406
482,Koo Wee Rup,2016,85.63592233009709,0.7725767945249085
483,Lalor,2006,62.436580882352935,0.6965133799421408
484,Lalor,2011,92.53576864535768,0.795199241460189
485,Lalor,2016,106.27652173913044,0.8402508909479687
486,Langwarrin,2006,64.89626556016597,0.7045779198693967
487,Langwarrin,2011,96.8323886639676,0.8092865202097299
488,Langwarrin,2016,110.093470790378,0.8527654780012393
489,Laverton,2006,57.72456575682382,0.6810641500223732
490,Laverton,2011,91.14374034003092,0.7906352142296096
491,Laverton,2016,103.27716390423574,0.8304169308335598
492,Lilydale - Coldstream,2006,73.40552016985137,0.7324771153109881
493,Lilydale - Coldstream,2011,97.19906542056074,0.8104887390838057
494,Lilydale - Coldstream,2016,119.65981148243358,0.884130529450602
495,Lynbrook - Lyndhurst,2006,68.7258064516129,0.7171337916446324
496,Lynbrook - Lyndhurst,2011,101.1244131455399,0.823358731624721
497,Lynbrook - Lyndhurst,2016,111.3846153846154,0.8569987389659521
498,Lysterfield,2006,69.0,0.7180327868852459
499,Lysterfield,2011,94.4855072463768,0.801591827037301
500,Lysterfield,2016,96.0,0.8065573770491803
501,Macedon,2006,68.88775510204081,0.7176647708263634
502,Macedon,2011,87.11320754716981,0.7774203526136715
503,Macedon,2016,109.24242424242424,0.8499751614505713
504,Malvern - Glen Iris,2006,118.56104513064132,0.8805280168217748
505,Malvern - Glen Iris,2011,173.96471564964716,1.0621793955726135
506,Malvern - Glen Iris,2016,201.23773006134965,1.151599114955245
507,Malvern East,2006,109.38810198300284,0.8504527933868946
508,Malvern East,2011,160.30524252817244,1.0173942377972869
509,Malvern East,2016,189.20922288642188,1.1121613865128588
510,Maribyrnong,2006,98.84802431610942,0.815895161692162
511,Maribyrnong,2011,138.84450651769086,0.9470311689104619
512,Maribyrnong,2016,166.16188149053147,1.036596332755841
513,Meadow Heights,2006,53.702732240437165,0.6678778106243841
514,Meadow Heights,2011,80.92127460168697,0.7571189331202851
515,Meadow Heights,2016,95.0625528317836,0.8034837797763397
516,Melbourne,2006,192.6530334014997,1.1234525685295071
517,Melbourne,2011,263.04357049608353,1.3542412147412575
518,Melbourne,2016,278.23004568664345,1.4040329366775195
519,Melbourne Airport,2006,56.0,0.6754098360655738
520,Melbourne Airport,2011,0.0,0.4918032786885246
521,Melbourne Airport,2016,0.0,0.4918032786885246
522,Melton,2006,57.24661810613944,0.6794971085447195
523,Melton,2011,75.67681347150258,0.7399239785950904
524,Melton,2016,83.57439024390244,0.7658176729308276
525,Melton South,2006,53.81604426002767,0.6682493254427136
526,Melton South,2011,77.62833827893175,0.7463224205866614
527,Melton South,2016,89.90922259777885,0.7865876150746848
528,Melton West,2006,55.053763440860216,0.6723074211175745
529,Melton West,2011,78.20668058455114,0.7482186248673808
530,Melton West,2016,83.76846153846154,0.766453972257251
531,Mentone,2006,94.29460895975704,0.8009659310155969
532,Mentone,2011,140.51563636363636,0.9525102831594635
533,Mentone,2016,170.87864911276475,1.0520611446320154
534,Mernda,2006,59.0,0.6852459016393443
535,Mernda,2011,99.1945945945946,0.8170314576871954
536,Mernda,2016,103.31449275362318,0.8305393205036826
537,Mickleham - Yuroke,2006,39.0,0.6196721311475409
538,Mickleham - Yuroke,2011,57.0,0.6786885245901639
539,Mickleham - Yuroke,2016,93.95,0.7998360655737704
540,Mill Park - North,2006,66.34578146611341,0.7093304310364374
541,Mill Park - North,2011,96.7403846153846,0.8089848675914248
542,Mill Park - North,2016,104.25239005736138,0.833614393630693
543,Mill Park - South,2006,66.72408293460924,0.7105707637200303
544,Mill Park - South,2011,92.47058823529412,0.7949855351976857
545,Mill Park - South,2016,99.6851851851852,0.8186399514268368
546,Mitcham (Vic.),2006,80.07529610829104,0.7543452331419378
547,Mitcham (Vic.),2011,116.92775974025976,0.87517298275495
548,Mitcham (Vic.),2016,143.30803289057556,0.9616656816084443
549,Monbulk - Silvan,2006,58.23287671232877,0.6827307433191107
550,Monbulk - Silvan,2011,78.10810810810811,0.7478954364200266
551,Monbulk - Silvan,2016,99.22167487684727,0.8171202454978599
552,Montmorency - Briar Hill,2006,85.22383073496658,0.7712256745408741
553,Montmorency - Briar Hill,2011,110.0969337289812,0.852776831898299
554,Montmorency - Briar Hill,2016,128.69113149847095,0.9137414147490851
555,Montrose,2006,59.61146496815286,0.6872507048136159
556,Montrose,2011,84.58333333333334,0.7691256830601093
557,Montrose,2016,103.76190476190476,0.8320062451209992
558,Moonee Ponds,2006,98.18521031207598,0.8137220010231999
559,Moonee Ponds,2011,141.21099178774475,0.9547901370089993
560,Moonee Ponds,2016,171.9663774403471,1.0556274670175314
561,Moorabbin - Heatherton,2006,84.8705636743215,0.7700674218830212
562,Moorabbin - Heatherton,2011,127.83508771929824,0.9109347138337648
563,Moorabbin - Heatherton,2016,154.99867549668875,0.9999956573661927
564,Moorabbin Airport,2006,0.0,0.4918032786885246
565,Moorabbin Airport,2011,0.0,0.4918032786885246
566,Moorabbin Airport,2016,0.0,0.4918032786885246
567,Mooroolbark,2006,66.51720747295968,0.7098924835179006
568,Mooroolbark,2011,92.65095986038396,0.7955769175750295
569,Mooroolbark,2016,106.69326103795508,0.8416172493047708
570,Mordialloc - Parkdale,2006,89.28913443830571,0.784554539141986
571,Mordialloc - Parkdale,2011,128.02363534046145,0.9115529027556113
572,Mordialloc - Parkdale,2016,153.9406465288818,0.9965267099307601
573,Mornington,2006,68.44120654396728,0.7162006771933354
574,Mornington,2011,98.91549975857076,0.8161163926510517
575,Mornington,2016,121.67175572519083,0.8907270679514454
576,Mount Dandenong - Olinda,2006,65.66666666666666,0.707103825136612
577,Mount Dandenong - Olinda,2011,94.84745762711864,0.8027785495971103
578,Mount Dandenong - Olinda,2016,110.42033898305084,0.8538371769936093
579,Mount Eliza,2006,82.62931034482759,0.7627190503109101
580,Mount Eliza,2011,122.1956043956044,0.8924446045757521
581,Mount Eliza,2016,147.77062374245477,0.9762971270244418
582,Mount Evelyn,2006,59.10266159695817,0.6855824970392072
583,Mount Evelyn,2011,88.79322033898305,0.7829285912753543
584,Mount Evelyn,2016,93.1725663716814,0.7972871028579718
585,Mount Martha,2006,77.07926829268293,0.7445221911235506
586,Mount Martha,2011,109.8005657708628,0.85180513367496
587,Mount Martha,2016,130.9090909090909,0.9210134128166914
588,Mount Waverley - North,2006,83.49440993788821,0.7655554424193056
589,Mount Waverley - North,2011,122.07902735562313,0.8920623847725347
590,Mount Waverley - North,2016,139.05389221556885,0.9477176793953077
591,Mount Waverley - South,2006,84.60496183206106,0.769196596170692
592,Mount Waverley - South,2011,118.32191780821918,0.8797439928138333
593,Mount Waverley - South,2016,142.61209439528022,0.9593839160500991
594,Mulgrave,2006,72.03841387856258,0.7279947996018445
595,Mulgrave,2011,101.22076707202991,0.823674646137803
596,Mulgrave,2016,118.92857142857144,0.8817330210772835
597,Murrumbeena,2006,105.20404411764706,0.8367345708775313
598,Murrumbeena,2011,158.72425249169436,1.0122106639071946
599,Murrumbeena,2016,188.2075176194205,1.1088771069489196
600,Narre Warren - North East,2006,62.74003189792664,0.6975083013046776
601,Narre Warren - North East,2011,89.02275960170698,0.7836811790219901
602,Narre Warren - North East,2016,101.16205533596838,0.8234821486425192
603,Narre Warren - South West,2006,65.0126050420168,0.7049593607934976
604,Narre Warren - South West,2011,91.15340364333652,0.7906668971912673
605,Narre Warren - South West,2016,103.66928515318146,0.8317025742727262
606,Narre Warren North,2006,54.0,0.6688524590163935
607,Narre Warren North,2011,96.0,0.8065573770491803
608,Narre Warren North,2016,106.04411764705884,0.8394889103182257
609,Narre Warren South (East),2006,69.11969111969111,0.7184252167858725
610,Narre Warren South (East),2011,96.13868613138686,0.8070120856766783
611,Narre Warren South (East),2016,110.57055214723924,0.8543296791712762
612,Narre Warren South (West),2006,64.97838899803536,0.7048471770427389
613,Narre Warren South (West),2011,92.65449438202248,0.7955885061705655
614,Narre Warren South (West),2016,99.90159901599016,0.8193495049704594
615,Newport,2006,86.75895765472313,0.7762588775564693
616,Newport,2011,127.89270895080024,0.911123635904263
617,Newport,2016,151.14978213507624,0.9873763348691024
618,Niddrie - Essendon West,2006,75.28921568627452,0.7386531661845066
619,Niddrie - Essendon West,2011,116.20092378752886,0.8727899140574716
620,Niddrie - Essendon West,2016,138.08435852372585,0.9445388804056586
621,Noble Park - East,2006,69.31980742778542,0.7190813358288046
622,Noble Park - East,2011,106.587734241908,0.8412712598095343
623,Noble Park - East,2016,122.96879718168093,0.8949796628907571
624,Noble Park - West,2006,63.96883289124669,0.7015371570204809
625,Noble Park - West,2011,99.35403726708074,0.8175542205478057
626,Noble Park - West,2016,114.81841046277664,0.8682570834845136
627,Noble Park North,2006,53.96607142857143,0.6687412177985949
628,Noble Park North,2011,84.97916666666667,0.7704234972677596
629,Noble Park North,2016,101.86865671641792,0.8257988744800587
630,North Melbourne,2006,116.84773539928486,0.8749106078665077
631,North Melbourne,2011,172.33189538959286,1.0568258865232554
632,North Melbourne,2016,210.6841203351104,1.1825708863446243
633,Northcote,2006,101.85334220152976,0.8257486629558353
634,Northcote,2011,157.9605060166615,1.0097065771038083
635,Northcote,2016,190.67602836879436,1.1169705848157194
636,Nunawading,2006,73.59246954595791,0.7330900640851079
637,Nunawading,2011,108.66599799398192,0.848085239324531
638,Nunawading,2016,127.3095652173913,0.9092116892373485
639,Oakleigh - Huntingdale,2006,84.72501444251878,0.7695902112869468
640,Oakleigh - Huntingdale,2011,124.18936381709742,0.8989815207117947
641,Oakleigh - Huntingdale,2016,145.80160857908845,0.9698413396035687
642,Ormond - Glen Huntly,2006,109.22009864364982,0.8499019627660649
643,Ormond - Glen Huntly,2011,160.01271617497454,1.0164351349999166
644,Ormond - Glen Huntly,2016,184.30553116769096,1.0960837087465278
645,Pakenham - North,2006,59.38054968287527,0.6864936055176238
646,Pakenham - North,2011,91.50989010989012,0.7918357052783284
647,Pakenham - North,2016,98.07401887729756,0.8133574389419592
648,Pakenham - South,2006,61.81918505942275,0.6944891313423697
649,Pakenham - South,2011,89.06360235168358,0.7838150896776511
650,Pakenham - South,2016,97.56101304681503,0.8116754526125084
651,Panton Hill - St Andrews,2006,61.0,0.6918032786885245
652,Panton Hill - St Andrews,2011,71.875,0.7274590163934426
653,Panton Hill - St Andrews,2016,85.0,0.7704918032786885
654,Parkville,2006,134.41091954022986,0.9324948181646882
655,Parkville,2011,181.44471744471747,1.0867039916220245
656,Parkville,2016,206.20615911035077,1.1678890462634453
657,Pascoe Vale,2006,81.46675274370561,0.7589073860449365
658,Pascoe Vale,2011,122.14669926650365,0.892284259890176
659,Pascoe Vale,2016,141.9888101454681,0.9573403611326823
660,Pascoe Vale South,2006,79.362,0.7520065573770491
661,Pascoe Vale South,2011,116.7504105090312,0.8745915098656761
662,Pascoe Vale South,2016,138.10909090909092,0.9446199701937408
663,Pearcedale - Tooradin,2006,56.0,0.6754098360655738
664,Pearcedale - Tooradin,2011,87.1863799283154,0.7776602620600505
665,Pearcedale - Tooradin,2016,97.21428571428572,0.8105386416861827
666,Plenty - Yarrambat,2006,74.0,0.7344262295081967
667,Plenty - Yarrambat,2011,105.7605633802817,0.838559224197645
668,Plenty - Yarrambat,2016,120.73743016759776,0.8876637054675337
669,Point Cook - East,2006,98.92372881355932,0.8161433731592108
670,Point Cook - East,2011,115.88862559241706,0.8717659855489084
671,Point Cook - East,2016,109.32372322899504,0.8502417155049018
672,Point Cook - North,2006,75.74603174603175,0.7401509237574811
673,Point Cook - North,2011,100.13998660415272,0.8201311036201729
674,Point Cook - North,2016,106.57636566332218,0.8412339857813842
675,Point Cook - South,2006,84.6,0.7691803278688525
676,Point Cook - South,2011,96.92814371257484,0.80960047118877
677,Point Cook - South,2016,104.42787682333874,0.8341897600765205
678,Point Nepean,2006,61.33504098360656,0.6929017737167429
679,Point Nepean,2011,87.64150943396227,0.7791524899474173
680,Point Nepean,2016,104.82223962411902,0.835482752865964
681,Port Melbourne,2006,150.3793103448276,0.9848501978518936
682,Port Melbourne,2011,217.3899692937564,1.2045572763729717
683,Port Melbourne,2016,237.70110584518167,1.2711511667055138
684,Port Melbourne Industrial,2006,0.0,0.4918032786885246
685,Port Melbourne Industrial,2011,0.0,0.4918032786885246
686,Port Melbourne Industrial,2016,0.0,0.4918032786885246
687,Prahran - Windsor,2006,131.96538362180314,0.9244766676124693
688,Prahran - Windsor,2011,197.529030765672,1.139439445133351
689,Prahran - Windsor,2016,229.60548648115252,1.2446081523972214
690,Preston - East,2006,75.5895865237366,0.7396379886024151
691,Preston - East,2011,122.46048252911814,0.8933130574725185
692,Preston - East,2016,148.17014925373132,0.9776070467335454
693,Preston - West,2006,78.59682804674458,0.7494977968745724
694,Preston - West,2011,123.71666666666668,0.8974316939890712
695,Preston - West,2016,149.2173010380623,0.9810403312723353
696,Research - North Warrandyte,2006,75.70588235294117,0.7400192864030858
697,Research - North Warrandyte,2011,109.6938775510204,0.8514553362328539
698,Research - North Warrandyte,2016,121.5609756097561,0.8903638544582168
699,Reservoir - East,2006,69.10216606498194,0.7183677575901047
700,Reservoir - East,2011,106.09331651954602,0.8396502180968722
701,Reservoir - East,2016,125.3659281894576,0.9028391088178936
702,Reservoir - West,2006,74.44493827160494,0.7358850435134588
703,Reservoir - West,2011,111.32033898305085,0.8567879966657406
704,Reservoir - West,2016,131.21990915972748,0.9220324890482868
705,Richmond (Vic.),2006,124.13135914958238,0.8987913414740407
706,Richmond (Vic.),2011,178.54958819492106,1.0772117645735118
707,Richmond (Vic.),2016,214.18326920336327,1.1940435055847975
708,Riddells Creek,2006,61.58333333333333,0.6937158469945355
709,Riddells Creek,2011,83.15384615384615,0.7644388398486759
710,Riddells Creek,2016,108.97345132743364,0.8490932830407659
711,Ringwood,2006,77.94533406957481,0.7473617510477862
712,Ringwood,2011,113.88636363636364,0.8652011922503725
713,Ringwood,2016,127.70085836909873,0.9104946176036024
714,Ringwood East,2006,70.90685920577617,0.7242847842812334
715,Ringwood East,2011,105.99932523616734,0.839342049954647
716,Ringwood East,2016,118.10692951015533,0.8790391131480503
717,Ringwood North,2006,71.95468277945619,0.7277202714080531
718,Ringwood North,2011,102.5264797507788,0.8279556713140289
719,Ringwood North,2016,111.6,0.8577049180327869
720,Rockbank - Mount Cottrell,2006,79.77777777777777,0.7533697632058287
721,Rockbank - Mount Cottrell,2011,121.025,0.8886065573770491
722,Rockbank - Mount Cottrell,2016,131.57037037037037,0.9231815421979357
723,Romsey,2006,53.98578199052133,0.6688058425918733
724,Romsey,2011,71.74750830564784,0.7270410108381896
725,Romsey,2016,92.38636363636364,0.794709388971684
726,Rosebud - McCrae,2006,60.322435897435895,0.6895817570407734
727,Rosebud - McCrae,2011,85.15417106652586,0.7709972821853307
728,Rosebud - McCrae,2016,102.47243346007603,0.8277784703609051
729,Rowville - Central,2006,73.11026615969583,0.7315090693760519
730,Rowville - Central,2011,97.54328358208954,0.8116173232199657
731,Rowville - Central,2016,118.04848484848485,0.8788474913065077
732,Rowville - North,2006,71.08870967741935,0.7248810153358011
733,Rowville - North,2011,94.5441176470588,0.8017839922854386
734,Rowville - North,2016,107.84732824427482,0.8454010762107371
735,Rowville - South,2006,77.24607329842932,0.7450690927817355
736,Rowville - South,2011,107.03187250996017,0.8427274508523285
737,Rowville - South,2016,114.85714285714286,0.8683840749414521
738,Roxburgh Park - Somerton,2006,67.90111940298507,0.7144298996819183
739,Roxburgh Park - Somerton,2011,92.61235216819972,0.795450334977704
740,Roxburgh Park - Somerton,2016,101.24474187380495,0.8237532520452622
741,Sandringham - Black Rock,2006,118.77944111776446,0.881244069238572
742,Sandringham - Black Rock,2011,170.9580291970803,1.0523214072035418
743,Sandringham - Black Rock,2016,196.039230199852,1.1345548531142688
744,Seabrook,2006,68.7713004484305,0.7172829522899361
745,Seabrook,2011,93.26717557251908,0.797597296959079
746,Seabrook,2016,100.60727272727271,0.8216631892697466
747,Seaford (Vic.),2006,69.76558033161807,0.7205428863331741
748,Seaford (Vic.),2011,98.93625498007968,0.8161844425576383
749,Seaford (Vic.),2016,113.51769268056228,0.863992435018237
750,Seddon - Kingsville,2006,84.41768579492003,0.768582576376787
751,Seddon - Kingsville,2011,128.33748960931007,0.9125819331452789
752,Seddon - Kingsville,2016,156.42960812772134,1.0046872397630209
753,Skye - Sandhurst,2006,76.14935064935065,0.7414732808175432
754,Skye - Sandhurst,2011,105.9578313253012,0.8392060043452498
755,Skye - Sandhurst,2016,115.51546391752576,0.8705425046476255
756,Somerville,2006,61.84057971014492,0.6945592777381802
757,Somerville,2011,88.82556879739978,0.7830346517947534
758,Somerville,2016,106.75642343268242,0.8418243391235489
759,South Melbourne,2006,131.45396980029224,0.9227999009845648
760,South Melbourne,2011,184.53178654292344,1.0968255296489293
761,South Melbourne,2016,217.78070809248555,1.2058383871884772
762,South Morang (North),2006,72.98319327731092,0.73109243697479
763,South Morang (North),2011,101.68020304568527,0.8251809935924108
764,South Morang (North),2016,103.5321252059308,0.831252869527642
765,South Morang (South),2006,73.58389261744966,0.7330619430080317
766,South Morang (South),2011,100.1463768115942,0.820152055119981
767,South Morang (South),2016,107.1870882740448,0.8432363549968682
768,South Yarra - East,2006,146.74753559693318,0.972942739662076
769,South Yarra - East,2011,205.53328628557983,1.16568290585436
770,South Yarra - East,2016,246.27274150618445,1.2992548901842114
771,South Yarra - West,2006,156.34948096885813,1.004424527766748
772,South Yarra - West,2011,229.49277456647405,1.2442386051359806
773,South Yarra - West,2016,252.93276108726755,1.3210910199582542
774,Southbank,2006,197.7589106928314,1.140193149812562
775,Southbank,2011,270.8938379102478,1.379979796427042
776,Southbank,2016,285.90946261682245,1.429211352842041
777,Springvale,2006,68.54668838219328,0.7165465192858796
778,Springvale,2011,98.54411764705884,0.8148987463837994
779,Springvale,2016,117.37971274685816,0.8766547958913382
780,Springvale South,2006,64.63582966226139,0.7037240316795456
781,Springvale South,2011,91.01242236024844,0.7902046634762243
782,Springvale South,2016,105.9808773903262,0.8392815652141843
783,St Albans - North,2006,58.694078947368425,0.6842428817946506
784,St Albans - North,2011,87.89789964994166,0.7799931136063661
785,St Albans - North,2016,101.87992667277726,0.8258358251566468
786,St Albans - South,2006,58.902678571428574,0.6849268149882903
787,St Albans - South,2011,86.4380664652568,0.7752067752959239
788,St Albans - South,2016,97.6450980392157,0.8119511411121826
789,St Kilda,2006,147.52295652173913,0.9754851033499644
790,St Kilda,2011,209.5282221551464,1.1787810562463816
791,St Kilda,2016,236.06388173063883,1.26578321878898
792,St Kilda East,2006,121.51042238069115,0.8901981061662004
793,St Kilda East,2011,177.05917008196718,1.0723251478097284
794,St Kilda East,2016,199.8094997473472,1.1469163926142532
795,Strathmore,2006,80.92354740061162,0.7571263849200381
796,Strathmore,2011,113.8,0.8649180327868853
797,Strathmore,2016,140.359375,0.9519979508196721
798,Sunbury,2006,58.69347826086957,0.6842409123307199
799,Sunbury,2011,78.10408163265306,0.7478822348611576
800,Sunbury,2016,93.1747572815534,0.7972942861690275
801,Sunbury - South,2006,65.70348837209302,0.7072245520396493
802,Sunbury - South,2011,90.33096506808762,0.7879703772724184
803,Sunbury - South,2016,104.38601398601398,0.834052504872177
804,Sunshine,2006,67.3072429906542,0.7124827639037843
805,Sunshine,2011,100.79651795429815,0.8222836654239284
806,Sunshine,2016,117.01537147736975,0.8754602343520319
807,Sunshine North,2006,60.96065573770492,0.6916742811072292
808,Sunshine North,2011,89.68995633187772,0.7858687092848451
809,Sunshine North,2016,102.38529088913282,0.8274927570135502
810,Sunshine West,2006,58.27860696517413,0.6828806785743414
811,Sunshine West,2011,86.60341726618705,0.7757489090694657
812,Sunshine West,2016,101.09157266091572,0.8232510579046417
813,Surrey Hills (East) - Mont Albert,2006,113.49720670391062,0.8639252678816741
814,Surrey Hills (East) - Mont Albert,2011,151.2799442896936,0.9878030960317824
815,Surrey Hills (East) - Mont Albert,2016,173.2986536107711,1.0599955856090857
816,Surrey Hills (West) - Canterbury,2006,113.44546381243627,0.8637556190571681
817,Surrey Hills (West) - Canterbury,2011,156.91919191919192,1.0062924325219407
818,Surrey Hills (West) - Canterbury,2016,179.44454887218046,1.0801460618760015
819,Sydenham,2006,71.17040951122853,0.7251488836433722
820,Sydenham,2011,101.890440386681,0.8258702963497738
821,Sydenham,2016,112.56701030927836,0.8608754436369783
822,Tarneit,2006,71.65555555555555,0.7267395264116576
823,Tarneit,2011,86.13674732695554,0.7742188436949362
824,Tarneit,2016,95.70961820851689,0.8056053056016946
825,Taylors Hill,2006,70.3016393442623,0.7223004568664337
826,Taylors Hill,2011,92.6279069767442,0.795501334349981
827,Taylors Hill,2016,108.19089574155656,0.8465275270214969
828,Taylors Lakes,2006,72.0955223880597,0.7281820406165892
829,Taylors Lakes,2011,98.02552204176334,0.8131984329238142
830,Taylors Lakes,2016,106.27931769722814,0.8402600580236987
831,Templestowe,2006,94.09375,0.8003073770491803
832,Templestowe,2011,129.64492753623188,0.9168686148728914
833,Templestowe,2016,145.40625,0.9685450819672131
834,Templestowe Lower,2006,82.3211382113821,0.7617086498733839
835,Templestowe Lower,2011,117.8206429780034,0.8781004687803391
836,Templestowe Lower,2016,136.04172876304025,0.9378417336493124
837,The Basin,2006,60.15503875968992,0.6890329139661965
838,The Basin,2011,82.26760563380282,0.761533133225583
839,The Basin,2016,93.88571428571429,0.7996252927400469
840,Thomastown,2006,64.86833333333334,0.7044863387978142
841,Thomastown,2011,94.35672082717876,0.8011695764825534
842,Thomastown,2016,110.4854988399072,0.8540508158685483
843,Thornbury,2006,100.27158615443132,0.8205625775555124
844,Thornbury,2011,149.74442846872753,0.9827686179302542
845,Thornbury,2016,174.51063829787236,1.0639693058946633
846,Toorak,2006,145.07382133995037,0.9674551519342635
847,Toorak,2011,203.86424581005588,1.1602106420001832
848,Toorak,2016,224.4607122668174,1.2277400402190735
849,Truganina,2006,66.24615384615385,0.7090037831021437
850,Truganina,2011,87.58226600985222,0.7789582492126302
851,Truganina,2016,98.76237623762376,0.8156143483200778
852,Tullamarine,2006,75.72875816993464,0.7400942890817529
853,Tullamarine,2011,109.65840220385677,0.8513390236192026
854,Tullamarine,2016,122.52870813397128,0.8935367479802337
855,Upwey - Tecoma,2006,64.98915989159892,0.7048824914478653
856,Upwey - Tecoma,2011,86.01928374655648,0.7738337172018245
857,Upwey - Tecoma,2016,107.6831955922865,0.8448629363681525
858,Vermont,2006,71.96049896049897,0.727739340854095
859,Vermont,2011,106.03130755064456,0.8394469100021132
860,Vermont,2016,121.09183673469389,0.888825694212111
861,Vermont South,2006,81.14336917562724,0.7578471120512369
862,Vermont South,2011,106.82749326145552,0.8420573549555919
863,Vermont South,2016,123.07004830917872,0.895311633800586
864,Viewbank - Yallambie,2006,71.20232766338407,0.7252535333225707
865,Viewbank - Yallambie,2011,99.02329594478,0.8164698227697704
866,Viewbank - Yallambie,2016,117.9402390438247,0.8784925870289334
867,Wallan,2006,61.92953020134229,0.6948509186929256
868,Wallan,2011,93.31346578366448,0.7977490681431622
869,Wallan,2016,93.85019206145968,0.7995088264310153
870,Wandin - Seville,2006,59.264150943396224,0.6861119703062172
871,Wandin - Seville,2011,81.38766519823788,0.7586480826171733
872,Wandin - Seville,2016,92.90954773869346,0.7964247466842408
873,Wantirna,2006,73.8968023255814,0.7340878764773161
874,Wantirna,2011,104.07142857142856,0.8330210772833723
875,Wantirna,2016,115.42533936651584,0.8702470143164455
876,Wantirna South,2006,72.73070866141732,0.7302646185620241
877,Wantirna South,2011,95.43707713125846,0.8047117282992081
878,Wantirna South,2016,117.95523906408953,0.8785417674232444
879,Warrandyte - Wonga Park,2006,76.11904761904762,0.7413739266198283
880,Warrandyte - Wonga Park,2011,115.3154761904762,0.8698868071818892
881,Warrandyte - Wonga Park,2016,116.24022346368714,0.8729187654547119
882,Watsonia,2006,65.1875,0.7055327868852459
883,Watsonia,2011,94.3492586490939,0.801145110324898
884,Watsonia,2016,114.04093567251462,0.8657079858115233
885,Wattle Glen - Diamond Creek,2006,72.00361010830325,0.7278806888796827
886,Wattle Glen - Diamond Creek,2011,100.93409742120345,0.82273474564329
887,Wattle Glen - Diamond Creek,2016,111.65608465608466,0.8578888021510972
888,Werribee - East,2006,58.90613718411552,0.6849381547020181
889,Werribee - East,2011,80.47762747138398,0.7556643523651934
890,Werribee - East,2016,92.50689972401103,0.7951045892590525
891,Werribee - South,2006,66.756242568371,0.7106762051422
892,Werribee - South,2011,88.62627291242362,0.782381222663684
893,Werribee - South,2016,101.76778413736712,0.8254681447126792
894,Werribee - West,2006,59.436619718309856,0.6866774416993766
895,Werribee - West,2011,81.30428954423593,0.758374719817167
896,Werribee - West,2016,94.28587443946188,0.8009372932441373
897,West Footscray - Tottenham,2006,77.89469517022962,0.7471957218696054
898,West Footscray - Tottenham,2011,115.42877192982452,0.8702582686223754
899,West Footscray - Tottenham,2016,142.33810068649885,0.9584855760213076
900,West Melbourne,2006,0.0,0.4918032786885246
901,West Melbourne,2011,0.0,0.4918032786885246
902,West Melbourne,2016,0.0,0.4918032786885246
903,Wheelers Hill,2006,76.23793103448276,0.7417637083097796
904,Wheelers Hill,2011,108.43072289156628,0.847313845546119
905,Wheelers Hill,2016,123.64020486555698,0.8971809995592033
906,Whittlesea,2006,63.437931034482766,0.6997964951950255
907,Whittlesea,2011,83.1504424778761,0.7644276802553315
908,Whittlesea,2016,93.32417582417582,0.7977841830300847
909,Williamstown,2006,93.57625948930296,0.7986106868501737
910,Williamstown,2011,131.89801505817934,0.9242557870759979
911,Williamstown,2016,155.06153846153848,1.0002017654476671
912,Wollert,2006,56.0,0.6754098360655738
913,Wollert,2011,88.0,0.780327868852459
914,Wollert,2016,107.76538461538462,0.8451324085750316
915,Wyndham Vale,2006,63.15757575757576,0.6988772975658222
916,Wyndham Vale,2011,83.28078078078077,0.7648550189533796
917,Wyndham Vale,2016,88.75767030681227,0.782812033792827
918,Yarra - North,2006,112.56936416184972,0.8608831611863925
919,Yarra - North,2011,162.61722080136406,1.0249744944307018
920,Yarra - North,2016,196.7857695282289,1.1370025230433736
921,Yarra Valley,2006,61.12321660181583,0.6922072675469372
922,Yarra Valley,2011,81.5420918367347,0.759154399464704
923,Yarra Valley,2016,91.10106382978724,0.790495291245204
924,Yarraville,2006,88.75111111111111,0.7827905282331512
925,Yarraville,2011,131.20696202531644,0.921990039427267
926,Yarraville,2016,162.73461091753774,1.0253593800575007
