,Region,Census year,Mean rent per person,Cost of living proportion (Youth Allowance),Cost of living proportion (Newstart)
1,Abbotsford,2011,173.50720461095105,1.2107931010503994,1.0014383772905369
2,Abbotsford,2016,241.28706939590612,1.427286099125093,1.205908179531346
4,Airport West,2011,110.52021089630932,0.941790351895406,0.7789481133744589
5,Airport West,2016,127.2093352192362,0.9887532827925355,0.8353935990751119
7,Albert Park,2011,225.11304684475417,1.4311896085618372,1.1837267638458289
8,Albert Park,2016,248.6054875787912,1.455419253767433,1.2296777666659886
10,Alphington - Fairfield,2011,161.2068328716528,1.1582610842265761,0.9579895191510166
11,Alphington - Fairfield,2016,188.069823434992,1.2227106057815829,1.0330631830686026
13,Altona,2011,114.98476770754,0.9608574320202434,0.7947183599701165
14,Altona,2016,137.60014154281671,1.0286971823968967,0.8691420362558598
16,Altona Meadows,2011,95.7754846779237,0.8788190675973679,0.7268650112254458
17,Altona Meadows,2016,104.99553820412716,0.9033599408158348,0.7632451141775543
19,Altona North,2011,102.50040225261463,0.9075396209806305,0.7506195770138276
20,Altona North,2016,122.15560026827632,0.969325927953856,0.8189795065389468
22,Ardeer - Albion,2011,113.9242105263158,0.956328039830518,0.7909721318485191
23,Ardeer - Albion,2016,120.07841328413286,0.9613408933212866,0.8122329834815449
25,Armadale,2011,189.96612296110413,1.2810852998552387,1.0595765558498909
26,Armadale,2016,211.4658952496955,1.3126487986995041,1.1090515939124217
28,Ascot Vale,2011,117.23636363636362,0.9704734727156251,0.8026717189557174
29,Ascot Vale,2016,142.3951465201465,1.0471299383787132,0.884715796291359
31,Ashburton (Vic.),2011,108.58588957055214,0.9335293169786553,0.7721154700478704
32,Ashburton (Vic.),2016,136.07142857142856,1.0228205684411116,0.8641769091929864
34,Ashwood - Chadstone,2011,110.77045579352004,0.942859089444886,0.7798320586136349
35,Ashwood - Chadstone,2016,134.26344086021504,1.0158703783043999,0.8583047220118063
37,Aspendale Gardens - Waterways,2011,113.66507177033492,0.9552213186860342,0.7900567706475977
38,Aspendale Gardens - Waterways,2016,125.7767441860465,0.9832461767391797,0.8307406677256375
40,Bacchus Marsh,2011,77.66666666666666,0.8014805324222364,0.6628988578829623
41,Bacchus Marsh,2016,89.22529644268775,0.8427366422922242,0.7120247375448626
43,Balwyn,2011,150.52789699570815,1.1126538415362295,0.920268092531643
44,Balwyn,2016,172.84952229299364,1.1642013658023473,0.9836289658416761
46,Balwyn North,2011,139.65963855421688,1.066238046355827,0.8818779178884383
47,Balwyn North,2016,158.77958446251128,1.1101143039672141,0.9379310288171466
49,Bayswater,2011,100.91611687087654,0.9007735078833078,0.745023372910196
50,Bayswater,2016,117.58001502629602,0.9517366560681801,0.8041184027616878
52,Bayswater North,2011,95.5603448275862,0.8779002555096571,0.7261050682712336
53,Bayswater North,2016,102.467680608365,0.8936424572178485,0.7550348520847219
55,Beaconsfield - Officer,2011,101.2982456140351,0.9024054905574849,0.7463731741929887
56,Beaconsfield - Officer,2016,106.65936739659368,0.9097559628523408,0.7686490870005316
58,Beaumaris,2011,162.64015904572562,1.1643824857814462,0.9630524869153148
59,Beaumaris,2016,189.4766536964981,1.2281186833624775,1.0376324456672776
61,Belgrave - Selby,2011,82.24418604651163,0.8210300493124563,0.6790681245019838
62,Belgrave - Selby,2016,102.60089686098657,0.8941545615199283,0.7554675269121652
64,Bentleigh - McKinnon,2011,146.36112742219612,1.0948585412009229,0.9055497259703146
65,Bentleigh - McKinnon,2016,174.76413155190136,1.1715614259976603,0.9898474505566968
67,Bentleigh East (North),2011,132.6903023983316,1.0364736382589435,0.857259987277752
68,Bentleigh East (North),2016,155.0153707052441,1.0956440721365603,0.9257051892079772
70,Bentleigh East (South),2011,122.45019404915912,0.9927405255142392,0.8210886402301628
71,Bentleigh East (South),2016,152.31788079470198,1.085274495145605,0.9169439760781513
73,Berwick - North,2011,98.58298582151794,0.890809249718206,0.7367820057277213
74,Berwick - North,2016,109.63385269121812,0.9211903538209704,0.7783099570990228
76,Berwick - South,2011,96.75247524752476,0.8829915662930803,0.7303160552720761
77,Berwick - South,2016,107.87435456110155,0.9144265652876451,0.7725952598691141
79,Blackburn,2011,116.39520958083833,0.9668811000676417,0.7997004930442894
80,Blackburn,2016,149.56161971830986,1.074678992516616,0.9079918793020556
82,Blackburn South,2011,96.21857142857144,0.8807113876940911,0.7284301357420396
83,Blackburn South,2016,119.5759162303665,0.9594092153319104,0.8106009166597372
85,Boronia,2011,97.00433604336042,0.8840672049684408,0.7312057083834701
86,Boronia,2016,115.48005766458434,0.9436640885101365,0.7972979234940542
88,Box Hill,2011,139.88425129087778,1.067197314930078,0.8826713221154283
89,Box Hill,2016,170.95089285714286,1.1569027345691387,0.9774623822051476
91,Box Hill North,2011,121.44322344322345,0.988439989080604,0.81753169707956
92,Box Hill North,2016,145.32240762812873,1.0583827921199713,0.8942232863299515
94,Braeside,2011,0.0,0.4697843262865684,0.38855528081949836
95,Braeside,2016,0.0,0.49974051934572433,0.42222871804865375
97,Braybrook,2011,95.15124045801528,0.8761530662311137,0.7246599804239324
98,Braybrook,2016,118.37269372693729,0.9547838381107397,0.8066929543893511
100,Brighton (Vic.),2011,187.59071729957805,1.2709404966883537,1.0511858611783045
101,Brighton (Vic.),2016,223.82501313715187,1.3601591986359078,1.1491929362342133
103,Brighton East,2011,164.67995802728228,1.1730939911479064,0.9702577111525336
104,Brighton East,2016,186.4422535211268,1.216453970135225,1.027776977235788
106,Broadmeadows,2011,81.85194174757281,0.8193548654604861,0.6776825918317655
107,Broadmeadows,2016,101.01785714285715,0.8880691069746753,0.7503259512905817
109,Brunswick,2011,162.42312220390863,1.1634555720858792,0.9622858431787659
110,Brunswick,2016,199.5192607003891,1.2667240498217816,1.0702499616758878
112,Brunswick East,2011,165.98879367172052,1.1786837227064724,0.9748809384377268
113,Brunswick East,2016,215.0216,1.3263174889960985,1.1206002143622724
115,Brunswick West,2011,150.13502285002076,1.1109759677558007,0.9188803350406949
116,Brunswick West,2016,171.39388145315488,1.1586056526540254,0.9789011707205655
118,Bulleen,2011,116.06666666666668,0.9654779699622749,0.7985399740963145
119,Bulleen,2016,131.43208092485548,1.0049861838078518,0.8491087106591818
121,Bundoora - East,2011,93.66731898238748,0.8698155839521139,0.7194182938268721
122,Bundoora - East,2016,113.07890743550834,0.9344336880293246,0.7894991959320158
124,Bundoora - North,2011,140.6625386996904,1.0705211988028631,0.8854204828671508
125,Bundoora - North,2016,156.53836477987423,1.1014987017505304,0.9306517417904908
127,Bundoora - West,2011,102.44519015659957,0.9073038230049094,0.7504245501822661
128,Bundoora - West,2016,114.2941176470588,0.9391051478926664,0.7934460932380356
130,Bunyip - Garfield,2011,73.0,0.7815502882767457,0.6464146944542564
131,Bunyip - Garfield,2016,88.85616438356163,0.8413176403927255,0.7108258286516667
133,Burnside,2011,86.39449541284404,0.838755051944668,0.6937283483321937
134,Burnside,2016,100.32758620689656,0.8854155965437045,0.7480840111952209
136,Burnside Heights,2011,96.7846153846154,0.8831288293171702,0.7304295845447382
137,Burnside Heights,2016,105.07817589576548,0.9036776131461183,0.7635135142283461
139,Burwood,2011,118.1511423550088,0.9743802791159889,0.8059030107912709
140,Burwood,2016,149.76630083925113,1.0754658190526116,0.908656665819777
142,Burwood East,2011,108.73383458646616,0.9341611556116428,0.7726380592951825
143,Burwood East,2016,124.49230769230768,0.9783086001203517,0.8265689294628201
145,Cairnlea,2011,86.05761316872427,0.8373163065074708,0.6925383721961296
146,Cairnlea,2016,102.57089552238806,0.8940392316389109,0.7553700851680408
148,Camberwell,2011,159.17375366568916,1.1495782774532957,0.9508080313164575
149,Camberwell,2016,193.2680756395996,1.2426935077540493,1.0499466551027952
151,Campbellfield - Coolaroo,2011,97.03800904977376,0.8842110145196402,0.7313246522422244
152,Campbellfield - Coolaroo,2016,103.87800963081862,0.8990639845880739,0.7596154783553172
154,Carlton,2011,202.42730746028556,1.3343041104432438,1.1035934562355545
155,Carlton,2016,230.10596235963945,1.384304158839216,1.169592914221441
157,Carlton North - Princes Hill,2011,183.7202998846597,1.2544108472545792,1.0375143054915565
158,Carlton North - Princes Hill,2016,207.41809290953543,1.29708840759427,1.095904683197036
160,Carnegie,2011,159.17862481315396,1.1495990809872048,0.9508252377716495
161,Carnegie,2016,192.1491909385113,1.2383923383570505,1.0463126146952202
163,Caroline Springs,2011,100.2098901098901,0.8977573782186209,0.7425287534789476
164,Caroline Springs,2016,114.77031509121062,0.9409357260315245,0.794992741210207
166,Carrum - Patterson Lakes,2011,110.31271878646442,0.9409042015223763,0.7782151846925623
167,Carrum - Patterson Lakes,2016,130.41601779755285,1.0010802767699574,0.8458086257999703
169,Carrum Downs,2011,95.30337078651684,0.8768027793573215,0.7251973535376787
170,Carrum Downs,2016,111.88026052104208,0.9298259000943437,0.7856060947774923
172,Caulfield - North,2011,156.48647506339813,1.1381015377467356,0.9413157013896083
173,Caulfield - North,2016,189.45394976337823,1.2280314058599504,1.0375587052628479
175,Caulfield - South,2011,152.28211749515816,1.120145707858886,0.9264645619751259
176,Caulfield - South,2016,182.0637054354179,1.199622140178822,1.0135558330423784
178,Chelsea - Bonbeach,2011,113.1758823529412,0.9531321048598812,0.7883287967253308
179,Chelsea - Bonbeach,2016,135.61611639619474,1.0210702765725286,0.8626980947617485
181,Chelsea Heights,2011,112.390625,0.9497784539824898,0.7855550158954433
182,Chelsea Heights,2016,108.52,0.9169085282641705,0.7746922602228068
184,Cheltenham - Highett (East),2011,124.56379988757728,1.0017672427400268,0.8285545739582382
185,Cheltenham - Highett (East),2016,154.64278982092367,1.0942118124086482,0.9244950788298538
187,Cheltenham - Highett (West),2011,122.08371040723982,0.9911753594159293,0.8197941024628747
188,Cheltenham - Highett (West),2016,154.23595505617976,1.0926478753577171,0.9231737148208119
190,Chirnside Park,2011,97.74342105263158,0.8872236645425221,0.7338163936864414
191,Chirnside Park,2016,110.6075,0.9249332077575106,0.7814722790607036
193,Clarinda - Oakleigh South,2011,92.45616641901933,0.8646430340338216,0.7151401145143741
194,Clarinda - Oakleigh South,2016,109.97983870967742,0.922520378686749,0.7794336896608446
196,Clayton,2011,126.8833276969902,1.0116734046422813,0.8367478901341935
197,Clayton,2016,153.6117911566325,1.0902484908091281,0.9211464846426729
199,Clayton South,2011,111.672454617206,0.946711315896673,0.7830182077612362
200,Clayton South,2016,138.26394984326018,1.0312489662800477,0.8712980280076008
202,Coburg,2011,135.10157480314962,1.0467716199152237,0.8657773747903553
203,Coburg,2016,160.52320675105483,1.1168170632596723,0.9435941626913991
205,Coburg North,2011,109.64668769716089,0.938059738189882,0.7758625492658455
206,Coburg North,2016,126.3108108108108,0.9852992131424485,0.8324752697743053
208,Collingwood,2011,152.4979154258487,1.1210673304541905,0.9272268294802144
209,Collingwood,2016,207.53547297297297,1.2975396350855248,1.0962859234563416
211,Craigieburn - Central,2011,89.23789473684211,0.8508985468154692,0.7037721467214486
212,Craigieburn - Central,2016,100.35472370766487,0.8855199173800714,0.748172151442609
214,Craigieburn - North,2011,96.502538071066,0.8819241429471107,0.7294331970012927
215,Craigieburn - North,2016,107.25806451612902,0.9120574490788592,0.7705936032873073
217,Craigieburn - South,2011,91.08280254777073,0.8587777174792685,0.7102889528356435
218,Craigieburn - South,2016,104.84569983136592,0.9027839384602838,0.7627584521464352
220,Craigieburn - West,2011,104.0,0.9139440529575058,0.7559166372306605
221,Craigieburn - West,2016,113.32434514637904,0.935377189330075,0.7902963563167984
223,Cranbourne,2011,85.87910798122066,0.8365539525142885,0.691907834621055
224,Cranbourne,2016,100.60073645449762,0.8864656292098242,0.7489711794942923
226,Cranbourne East,2011,102.14221218961625,0.906009874822192,0.7493543348273269
227,Cranbourne East,2016,107.5638852672751,0.913233072317355,0.7715868825466079
229,Cranbourne North,2011,88.21115973741794,0.8465136012702026,0.7001453893939171
230,Cranbourne North,2016,99.00545171339564,0.8803331028634964,0.7437898331007686
232,Cranbourne South,2011,99.70731707317071,0.8956110060780299,0.7407535043206313
233,Cranbourne South,2016,109.2741116751269,0.9198074525731905,0.7771415494986096
235,Cranbourne West,2011,87.48048048048048,0.8433930407024577,0.697564395904205
236,Cranbourne West,2016,99.57142857142856,0.8825088072401966,0.7456280768177874
238,Croydon - East,2011,106.3103666245259,0.9238110895773047,0.7640775931632846
239,Croydon - East,2016,118.48978400467016,0.9552339516200057,0.8070732534498365
241,Croydon - West,2011,100.15309842041312,0.8975148341678972,0.7423281470166482
242,Croydon - West,2016,117.0265748031496,0.9496091444947801,0.8023208769467979
244,Croydon Hills - Warranwood,2011,98.65414710485132,0.8911131629504647,0.7370333702043493
245,Croydon Hills - Warranwood,2016,111.0747922437673,0.9267295529004838,0.782990003714857
247,Croydon South,2011,89.17977528089888,0.8506503321840652,0.7035668501621295
248,Croydon South,2016,102.38078291814946,0.8933084087806311,0.7547526159282519
250,Dandenong,2011,104.61783132530118,0.9165826663476454,0.7580990156315831
251,Dandenong,2016,123.77092155676549,0.9755354779509312,0.8242259298995274
253,Dandenong North,2011,86.91296728971962,0.8409693243208184,0.6955597572932519
254,Dandenong North,2016,100.05194123819516,0.8843559737759055,0.7471887402585182
256,Deer Park - Derrimut,2011,86.73340961098398,0.8402024753832329,0.6949255019815753
257,Deer Park - Derrimut,2016,99.8193677872554,0.8834619247208388,0.7464333618735763
259,Delahey,2011,89.73809523809524,0.8530347864108274,0.7055390153235437
260,Delahey,2016,109.77551020408164,0.9217349076597983,0.7787700484071637
262,Dingley Village,2011,112.16510903426791,0.948815327927687,0.7847584211736768
263,Dingley Village,2016,133.19016393442624,1.0117445323944345,0.8548188117003678
265,Docklands,2011,284.9334565619224,1.686668616536077,1.3950316374493903
266,Docklands,2016,286.5104094378904,1.6011317563491665,1.3527896633144643
268,Doncaster,2011,130.58133971291866,1.0274667508559414,0.8498104546553114
269,Doncaster,2016,162.08755760368663,1.122830674856081,0.9486750384997454
271,Doncaster East (North),2011,121.96086105675148,0.9906506985127118,0.8193601591548973
272,Doncaster East (North),2016,143.43333333333334,1.0511208923571735,0.8880877369623351
274,Doncaster East (South),2011,119.34261603375528,0.9794687851110625,0.8101116779715835
275,Doncaster East (South),2016,144.46861313868612,1.0551006713386746,0.8914502359241486
277,Donvale - Park Orchards,2011,117.30534351145036,0.9707680696623974,0.8029153779987649
278,Donvale - Park Orchards,2016,123.20284697508896,0.9733517095934379,0.8223808729581635
280,Doreen,2011,101.0,0.9011317531496903,0.7453196750264923
281,Doreen,2016,98.84779516358464,0.8797270462013363,0.7432777783090865
283,Doveton,2011,82.7958833619211,0.8233862197818539,0.6810168963684955
284,Doveton,2016,97.18083573487031,0.8733189910426137,0.7378636387504314
286,Dromana,2011,96.4390243902439,0.8816528908402472,0.7292088463095863
287,Dromana,2016,113.88782358581015,0.9375432893913167,0.7921264853870219
289,East Melbourne,2011,240.3012244897959,1.4960547704027158,1.2373762786640619
290,East Melbourne,2016,269.6808134394341,1.5364361329288028,1.2981285960551954
292,Edithvale - Aspendale,2011,117.01494252873565,0.9695278348440557,0.8018895885861379
293,Edithvale - Aspendale,2016,142.30076004343107,1.0467671018641516,0.884409237206246
295,Elsternwick,2011,169.25306416726747,1.1926246601207235,0.9864113887928909
296,Elsternwick,2016,198.818473380372,1.2640301127505795,1.067973865277768
298,Eltham,2011,105.89769820971868,0.9220486790933959,0.7626199159650959
299,Eltham,2016,125.78215223097112,0.9832669661174818,0.8307582325862195
301,Elwood,2011,198.52868174296748,1.3176539899336641,1.0898222597773488
302,Elwood,2016,220.51095085470084,1.3474194201268603,1.1384291495491923
304,Emerald - Cockatoo,2011,82.69794050343249,0.8229679286928572,0.6806709307786383
305,Emerald - Cockatoo,2016,98.81896551724138,0.8796162204902893,0.7431841421197226
307,Endeavour Hills - North,2011,79.5408163265306,0.8094845881978672,0.6695189555864733
308,Endeavour Hills - North,2016,92.20840064620356,0.8542041657070505,0.7217136011114474
310,Endeavour Hills - South,2011,87.6973058637084,0.8443190513077445,0.6983302927011952
311,Endeavour Hills - South,2016,98.6580226904376,0.8789975308606593,0.742661413785565
313,Epping - East,2011,95.41389728096678,0.8772748122185213,0.7255877685657603
314,Epping - East,2016,104.3579604578564,0.9009089913231837,0.7611743169893677
316,Epping - South,2011,95.3637532133676,0.8770606586093,0.7254106436360565
317,Epping - South,2016,100.95947556615018,0.8878446789788002,0.7501363329960381
319,Epping - West,2011,99.468438538206,0.8945908116088234,0.7399097087184952
320,Epping - West,2016,114.03030303030305,0.9380910028650626,0.7925892462577644
322,Essendon - Aberfeldie,2011,139.42432915921287,1.0652330948503645,0.8810467296333905
323,Essendon - Aberfeldie,2016,166.5964961853631,1.1401637464599654,0.9633196797082175
325,Essendon Airport,2011,0.0,0.4697843262865684,0.38855528081949836
326,Essendon Airport,2016,0.0,0.49974051934572433,0.42222871804865375
328,Fawkner,2011,100.8198689956332,0.9003624556721469,0.7446833945448011
329,Fawkner,2016,116.39685314685316,0.9471883950520045,0.8002755956570632
331,Ferntree Gully (North),2011,95.04902962206332,0.8757165476065056,0.7242989389687858
332,Ferntree Gully (North),2016,109.66822429906544,0.9213224837067886,0.7784215930983971
334,Ferntree Gully (South) - Upper Ferntree Gully,2011,90.13434903047091,0.854727093873461,0.7069387108105648
335,Ferntree Gully (South) - Upper Ferntree Gully,2016,104.00125628140704,0.8995377641663254,0.7600157727805614
337,Fitzroy,2011,161.62341772151896,1.1600402208905358,0.9594610304539702
338,Fitzroy,2016,198.6776755852843,1.2634888638025807,1.067516566258353
340,Fitzroy North,2011,162.11483693155716,1.1621389576406458,0.9611968807190292
341,Fitzroy North,2016,199.1893142616744,1.2654556836322466,1.069178324277094
343,Flemington,2011,129.06451612903226,1.0209887513518354,0.844452547259033
344,Flemington,2016,153.2154488517745,1.0887248884301401,0.9198591992327602
346,Flemington Racecourse,2011,165.0,1.1744608157164211,0.971388202048746
347,Flemington Racecourse,2016,72.0,0.7765198839064332,0.6560784695832927
349,Flinders,2011,90.0,0.8541533205210335,0.7064641469445425
350,Flinders,2016,115.0,0.9418186710746344,0.7957387378609244
352,Footscray,2011,128.49803304484658,1.0185694343149545,0.8424515473148942
353,Footscray,2016,157.27321960465747,1.1043235996873064,0.9330384864875686
355,Forest Hill,2011,101.98901098901098,0.9053555882511679,0.7488131790498445
356,Forest Hill,2016,119.75025906735752,0.9600794167157727,0.8111671670640733
358,Frankston,2011,100.11898734177214,0.8973691537124584,0.7422076557462809
359,Frankston,2016,115.13090241343129,0.9423218806136479,0.7961638975394826
361,Frankston North,2011,81.0585657370518,0.8159665416914448,0.6748801332993705
362,Frankston North,2016,95.07454401268834,0.8652220732030997,0.731022586029713
364,Frankston South,2011,97.22947368421052,0.8850287152859727,0.7320009667404115
365,Frankston South,2016,116.9509394572025,0.9493183902865915,0.8020752199071177
367,Gisborne,2011,90.0884086444008,0.854530893206922,0.7067764346322882
368,Gisborne,2016,111.00171821305842,0.9264486447923519,0.7827526656047888
370,Gladstone Park - Westmeadows,2011,88.66777041942603,0.8484636789213155,0.7017582847736702
371,Gladstone Park - Westmeadows,2016,103.04191033138402,0.8958498869101967,0.756899900390997
373,Glen Iris - East,2011,165.79417879417878,1.177852567987097,0.9741934962705007
374,Glen Iris - East,2016,192.1194731890875,1.2382780986375825,1.0462160940241239
376,Glen Waverley - East,2011,120.62057335581788,0.9849266425616822,0.8146258331183959
377,Glen Waverley - East,2016,131.10586552217455,1.0037321603097413,0.8480491913416304
379,Glen Waverley - West,2011,120.12517882689556,0.9828109281524474,0.8128759407520153
380,Glen Waverley - West,2016,140.7826086956522,1.040931088456579,0.8794784133802728
382,Glenroy,2011,105.15202876219826,0.9188640989203427,0.7599859723143704
383,Glenroy,2016,126.57026713124276,0.9862966041910652,0.8333179613863483
385,Gowanbrae,2011,106.8074074074074,0.9259338347529678,0.7658333006266598
386,Gowanbrae,2016,129.35714285714286,0.9970097943650139,0.8423694918871769
388,Greensborough,2011,102.38729874776384,0.9070565823094762,0.7502200591584735
389,Greensborough,2016,121.23464163822526,0.9657856176147971,0.8159883128332367
391,Greenvale - Bulla,2011,100.91954022988506,0.9007881282506301,0.7450354653122043
392,Greenvale - Bulla,2016,108.050139275766,0.9151023094768717,0.7731661933670013
394,Hadfield,2011,99.95767195767196,0.8966802133575569,0.741637838070194
395,Hadfield,2016,111.98419864559818,0.9302254546508474,0.7859436767858592
397,Hallam,2011,91.59476117103236,0.86096417326941,0.7120973548959108
398,Hallam,2016,100.24338624338624,0.8850919185937541,0.7478105370209693
400,Hampton,2011,135.55172413793105,1.048694102660393,0.8673674466193254
401,Hampton,2016,164.84461152882204,1.1334292253207836,0.9576297103797526
403,Hampton Park - Lynbrook,2011,86.76543209876543,0.8403392359545822,0.695038615679143
404,Hampton Park - Lynbrook,2016,99.71304347826089,0.8830531972947158,0.7460880297452366
406,Hastings - Somers,2011,82.78904109589041,0.8233569980606039,0.6809927272903228
407,Hastings - Somers,2016,96.8985650667986,0.8722338980406273,0.7369468481171801
409,Hawthorn,2011,183.0410465674508,1.2515099148727344,1.0351149649150504
410,Hawthorn,2016,212.9688964635705,1.318426572601036,1.1139332114182678
412,Hawthorn East,2011,180.50074147305983,1.240660864715182,1.0261417925576115
413,Hawthorn East,2016,208.78648540583765,1.3023487243386613,1.1003491032701214
415,Healesville - Yarra Glen,2011,83.55569155446756,0.8266311832349671,0.6837007826014395
416,Healesville - Yarra Glen,2016,97.05670103092784,0.8728417976470981,0.7374604600049623
418,Heidelberg - Rosanna,2011,131.44688922610015,1.031163310809738,0.8528678531476515
419,Heidelberg - Rosanna,2016,152.1583769633508,1.0846613372416276,0.9164259214763416
421,Heidelberg West,2011,92.33794025858224,0.8641381176962727,0.7147225017964756
422,Heidelberg West,2016,109.7722816399287,0.9217224965495943,0.7787595623109835
424,Hillside,2011,91.8110918544194,0.8618880711271382,0.7128615042543955
425,Hillside,2016,104.20815752461324,0.9003331252027341,0.7606877700627277
427,Hoppers Crossing - North,2011,82.91858237547893,0.8239102386311293,0.6814503086382159
428,Hoppers Crossing - North,2016,93.1125718981101,0.8576799427147831,0.724650270869824
430,Hoppers Crossing - South,2011,82.16869300911854,0.8207076361696286,0.678801458880673
431,Hoppers Crossing - South,2016,95.42305334150828,0.8665617980721867,0.7321545140846026
433,Hughesdale,2011,130.90941176470585,1.028867870017962,0.8509693103663223
434,Hughesdale,2016,163.7433439829606,1.1291957790491882,0.954052888963463
436,Hurstbridge,2011,96.4,0.8814862267777066,0.7290709996467679
437,Hurstbridge,2016,117.247311827957,0.950457692459519,0.8030378116468772
439,Ivanhoe,2011,141.84595959595958,1.0755753132434747,0.8896007050369465
440,Ivanhoe,2016,166.86567164179107,1.1411984994014304,0.964193938230508
442,Ivanhoe East - Eaglemont,2011,142.9430894308943,1.0802608987012354,0.8934761195015694
443,Ivanhoe East - Eaglemont,2016,164.26582278481015,1.1312042700321379,0.955749854768944
445,Keilor,2011,99.08361204013376,0.8929473074530588,0.7385503781000838
446,Keilor,2016,116.46540880503144,0.9474519338229437,0.8004982584852754
448,Keilor Downs,2011,81.62519936204146,0.8183865016529637,0.6768816650019125
449,Keilor Downs,2016,93.87245590230664,0.8606010567678576,0.7271183081694976
451,Keilor East,2011,100.37751937984495,0.8984732837063633,0.7431208738249556
452,Keilor East,2016,114.8701044386423,0.9413193320339144,0.7953168483505223
454,Kensington (Vic.),2011,147.3784186971656,1.0992031548031844,0.909143125034142
455,Kensington (Vic.),2016,175.87562189054722,1.175834170298296,0.993457474716773
457,Kew,2011,169.40715883668904,1.193282762488529,0.9869557005887991
458,Kew,2016,191.10871302957636,1.2343925770449051,1.0429332327440852
460,Kew East,2011,150.26612903225805,1.1115358916602949,0.919343444126662
461,Kew East,2016,173.76050420168067,1.1677033240497459,0.9865877560222178
463,Keysborough,2011,91.8189448441247,0.8619216094133021,0.7128892435327612
464,Keysborough,2016,111.8804979253112,0.9298268127138263,0.7856068658459554
466,Kilsyth,2011,94.95728155339806,0.8753247130189965,0.7239748553634688
467,Kilsyth,2016,110.8706896551724,0.9259449503341434,0.782327096219989
469,Kinglake,2011,67.0126582278481,0.7559797489978565,0.6252654829666129
470,Kinglake,2016,94.88888888888889,0.8645083856032018,0.7304195942995515
472,Kings Park (Vic.),2011,77.91282051282052,0.8025317980474932,0.6637683522176634
473,Kings Park (Vic.),2016,90.69125993189556,0.8483720373340595,0.7167860597352806
475,Kingsbury,2011,128.39294117647057,1.0181206114732888,0.842080329129179
476,Kingsbury,2016,143.90328820116054,1.0529274730473044,0.8896141095883613
478,Knoxfield - Scoresby,2011,97.81266846361186,0.8875194040726536,0.7340609977520729
479,Knoxfield - Scoresby,2016,114.01525940996947,0.9380331728139985,0.7925403858844701
481,Koo Wee Rup,2011,71.91048593350384,0.7768972279884853,0.6425661813263999
482,Koo Wee Rup,2016,85.63592233009709,0.8289385216525923,0.7003667619282766
484,Lalor,2011,92.53576864535768,0.8649829965635604,0.7154212951089992
485,Lalor,2016,106.27652173913044,0.9082842437162644,0.7674056375300609
487,Langwarrin,2011,96.8323886639676,0.8833328578431245,0.7305983350899597
488,Langwarrin,2016,110.093470790378,0.9229571983407769,0.7798027567974861
490,Laverton,2011,91.14374034003092,0.8590379685672899,0.7105042046627725
491,Laverton,2016,103.27716390423574,0.8967542387769264,0.7576639835793165
493,Lilydale - Coldstream,2011,97.19906542056074,0.884898848689134,0.7318935550002145
494,Lilydale - Coldstream,2016,119.65981148243358,0.9597317219229768,0.8108734011576654
496,Lynbrook - Lyndhurst,2011,101.1244131455399,0.9016630926565872,0.745759142160155
497,Lynbrook - Lyndhurst,2016,111.3846153846154,0.9279205619567357,0.7839962823885654
499,Lysterfield,2011,94.4855072463768,0.8733098750646031,0.7223083971966683
500,Lysterfield,2016,96.0,0.8687796720933362,0.7340283867615057
502,Macedon,2011,87.11320754716981,0.8418245037248336,0.6962670701065693
503,Macedon,2016,109.24242424242424,0.9196856410803016,0.7770386314671612
505,Malvern - Glen Iris,2011,173.96471564964716,1.212747023914786,1.0030544530188876
506,Malvern - Glen Iris,2016,201.23773006134965,1.273330117290444,1.0758314010242285
508,Malvern East,2011,160.30524252817244,1.154410602298409,0.9548048128865152
509,Malvern East,2016,189.20922288642188,1.2270906371169659,1.0367638536049302
511,Maribyrnong,2011,138.84450651769086,1.062756807677518,0.8789986100942806
512,Maribyrnong,2016,166.16188149053147,1.138493018972962,0.9619080888971109
514,Meadow Heights,2011,80.92127460168697,0.8153802032956949,0.6743951769752277
515,Meadow Heights,2016,95.0625528317836,0.8651759772110005,0.73098363971478
517,Melbourne,2011,263.04357049608353,1.59318202219126,1.3177095390183098
518,Melbourne,2016,278.23004568664345,1.5693007311074767,1.3258957604554986
520,Melbourne Airport,2011,0.0,0.4697843262865684,0.38855528081949836
521,Melbourne Airport,2016,0.0,0.49974051934572433,0.42222871804865375
523,Melton,2011,75.67681347150258,0.7929823338522425,0.6558700581826301
524,Melton,2016,83.57439024390244,0.8210136669187247,0.6936710846208141
526,Melton South,2011,77.62833827893175,0.8013168408239665,0.6627634697242378
527,Melton South,2016,89.90922259777885,0.8453657623840655,0.7142460703425862
529,Melton West,2011,78.20668058455114,0.8037868058276794,0.6648063602421445
530,Melton West,2016,83.76846153846154,0.8217597076074405,0.694301411343212
532,Mentone,2011,140.51563636363636,1.069893813212199,0.8849015766995278
533,Mentone,2016,170.87864911276475,1.1566250182127154,0.9772277407930259
535,Mernda,2011,99.1945945945946,0.8934212880401221,0.7389424040783984
536,Mernda,2016,103.31449275362318,0.8968977367659993,0.7577852244425711
538,Mickleham - Yuroke,2011,57.0,0.713218022635063,0.589897562698693
539,Mickleham - Yuroke,2016,93.95,0.8608991485190381,0.7273701646692
541,Mill Park - North,2011,96.7403846153846,0.8829399300251317,0.7302733472814714
542,Mill Park - North,2016,104.25239005736138,0.9005031620403305,0.7608314334904069
544,Mill Park - South,2011,92.47058823529412,0.8647046262451169,0.7151910569950339
545,Mill Park - South,2016,99.6851851851852,0.8829461056189487,0.7459975484269876
547,Mitcham (Vic.),2011,116.92775974025976,0.9691554975027109,0.8015816310146936
548,Mitcham (Vic.),2016,143.30803289057556,1.0506392176776502,0.8876807719983616
550,Monbulk - Silvan,2011,78.10810810810811,0.8033658257873505,0.6644581706397319
551,Monbulk - Silvan,2016,99.22167487684727,0.881164298832711,0.7444921071708963
553,Montmorency - Briar Hill,2011,110.0969337289812,0.9399826339055357,0.777452962659771
554,Montmorency - Briar Hill,2016,128.69113149847095,0.9944495415782996,0.8402063447935008
556,Montrose,2011,84.58333333333334,0.8310200014235889,0.6873307429647945
557,Montrose,2016,103.76190476190476,0.8986176591458465,0.759238379817158
559,Moonee Ponds,2011,141.21099178774475,1.0728635139344214,0.8873577950821079
560,Moonee Ponds,2016,171.9663774403471,1.1608064175922004,0.9807605880033359
562,Moorabbin - Heatherton,2011,127.83508771929824,1.0157381495592495,0.8401098117954724
563,Moorabbin - Heatherton,2016,154.99867549668875,1.0955798931196832,0.9256509646194705
565,Moorabbin Airport,2011,0.0,0.4697843262865684,0.38855528081949836
566,Moorabbin Airport,2016,0.0,0.49974051934572433,0.42222871804865375
568,Mooroolbark,2011,92.65095986038396,0.8654749513576082,0.7158281874262945
569,Mooroolbark,2016,106.69326103795508,0.9098862553595445,0.7687591706062396
571,Mordialloc - Parkdale,2011,128.02363534046145,1.0165433924427139,0.8407758224671898
572,Mordialloc - Parkdale,2016,153.9406465288818,1.091512662766955,0.9222145783522746
574,Mornington,2011,98.91549975857076,0.892229339135472,0.7379565516021573
575,Mornington,2016,121.67175572519083,0.9674659531596704,0.8174080214530867
577,Mount Dandenong - Olinda,2011,94.84745762711864,0.8748556806624755,0.7235869220315034
578,Mount Dandenong - Olinda,2016,110.42033898305084,0.9242137312666533,0.7808643963202795
580,Mount Eliza,2011,122.1956043956044,0.9916532325244689,0.8201893479180656
581,Mount Eliza,2016,147.77062374245477,1.0677941212926163,0.9021748798027047
583,Mount Evelyn,2011,88.79322033898305,0.8489994462480591,0.7022014141256907
584,Mount Evelyn,2016,93.1725663716814,0.8579105709407862,0.7248451277134087
586,Mount Martha,2011,109.8005657708628,0.9387169155279215,0.776406095976202
587,Mount Martha,2016,130.9090909090909,1.002975727637922,0.84741008447527
589,Mount Waverley - North,2011,122.07902735562313,0.9911553591954863,0.8197775604225471
590,Mount Waverley - North,2016,139.05389221556885,1.0342856294445917,0.87386369227831
592,Mount Waverley - South,2011,118.32191780821918,0.9751096212181045,0.8065062444656276
593,Mount Waverley - South,2016,142.61209439528022,1.0479639202540227,0.8854204241621366
595,Mulgrave,2011,101.22076707202991,0.9020745977878706,0.7460994951325676
596,Mulgrave,2016,118.92857142857144,0.956920719736181,0.8084983969228343
598,Murrumbeena,2011,158.72425249169436,1.1476585628515668,0.9492202489992735
599,Murrumbeena,2016,188.2075176194205,1.2232399239603302,1.033510401829941
601,Narre Warren - North East,2011,89.02275960170698,0.8499797548652871,0.7030122204228434
602,Narre Warren - North East,2016,101.16205533596838,0.8886234275893993,0.7507942945076761
604,Narre Warren - South West,2011,91.15340364333652,0.8590792382803182,0.7105383385494047
605,Narre Warren - South West,2016,103.66928515318146,0.8982616147507313,0.7589375593659472
607,Narre Warren North,2011,96.0,0.8797779201366646,0.7276580713528787
608,Narre Warren North,2016,106.04411764705884,0.9073908457034188,0.7666508092080251
610,Narre Warren South (East),2011,96.13868613138686,0.880370216234836,0.7281479552503951
611,Narre Warren South (East),2016,110.57055214723924,0.9247911743796078,0.781352275641428
613,Narre Warren South (West),2011,92.65449438202248,0.8654900464745782,0.7158406724903654
614,Narre Warren South (West),2016,99.90159901599016,0.8837780345435645,0.746700441768132
616,Newport,2011,127.89270895080024,1.015984236390349,0.840313348466267
617,Newport,2016,151.14978213507624,1.0807841395240019,0.9131500930042425
619,Niddrie - Essendon West,2011,116.20092378752886,0.9660513507902151,0.7990142133081203
620,Niddrie - Essendon West,2016,138.08435852372585,1.0305585889008626,0.8707147309874497
622,Noble Park - East,2011,106.587734241908,0.9249956619342643,0.765057344549304
623,Noble Park - East,2016,122.96879718168093,0.9724519852448957,0.821620699541008
625,Noble Park - West,2011,99.35403726708074,0.8941022304808061,0.7395056067364207
626,Noble Park - West,2016,114.81841046277664,0.9411206122312517,0.7951489508031331
628,Noble Park North,2011,84.97916666666667,0.8327105132037869,0.6887289532556223
629,Noble Park North,2016,101.86865671641792,0.8913397148266012,0.7530892744695116
631,North Melbourne,2011,172.33189538959286,1.2057736296800892,0.9972868081582228
632,North Melbourne,2016,210.6841203351104,1.30964353253161,1.106512456835592
634,Northcote,2011,157.9605060166615,1.144396779913139,0.9465224514894436
635,Northcote,2016,190.67602836879436,1.2327292689134273,1.0415279105160753
637,Nunawading,2011,108.66599799398192,0.9338714413580266,0.7723984386929774
638,Nunawading,2016,127.3095652173913,0.989138582725859,0.8357191374107354
640,Oakleigh - Huntingdale,2011,124.18936381709742,1.0001681136754106,0.8272319456626541
641,Oakleigh - Huntingdale,2016,145.80160857908845,1.0602249162130757,0.8957796894315777
643,Ormond - Glen Huntly,2011,160.01271617497454,1.1531612905187896,0.9537715159836614
644,Ormond - Glen Huntly,2016,184.30553116769096,1.2082400721459663,1.0208370884656566
646,Pakenham - North,2011,91.50989010989012,0.8606017087759561,0.7117975630868602
647,Pakenham - North,2016,98.07401887729756,0.8767525280231325,0.7407646200828139
649,Pakenham - South,2011,89.06360235168358,0.8501541847178458,0.7031564901154489
650,Pakenham - South,2016,97.56101304681503,0.8747804526373424,0.7390984216662284
652,Panton Hill - St Andrews,2011,71.875,0.7767456758488148,0.6424408336276933
653,Panton Hill - St Andrews,2016,85.0,0.8264939358410056,0.6983013413881581
655,Parkville,2011,181.44471744471747,1.244692365768599,1.0294762184553778
656,Parkville,2016,206.20615911035077,1.2924295427772148,1.0919684273940393
658,Pascoe Vale,2011,122.14669926650365,0.9914443701324093,0.8200165993165087
659,Pascoe Vale,2016,141.9888101454681,1.0455679172178605,0.8833960510099975
661,Pascoe Vale South,2011,116.7504105090312,0.9683980803289823,0.8009551766479378
662,Pascoe Vale South,2016,138.10909090909092,1.0306536640939932,0.870795059628734
664,Pearcedale - Tooradin,2011,87.1863799283154,0.8421370058864633,0.696525538425699
665,Pearcedale - Tooradin,2016,97.21428571428572,0.8734475780432688,0.7379722813806415
667,Plenty - Yarrambat,2011,105.7605633802817,0.9214630082437826,0.762135511763623
668,Plenty - Yarrambat,2016,120.73743016759776,0.9638742582412893,0.8143734131267589
670,Point Cook - East,2011,115.88862559241706,0.9647175980884777,0.7979110759181103
671,Point Cook - East,2016,109.32372322899504,0.9199981672170029,0.7773026835200723
673,Point Cook - North,2011,100.13998660415272,0.8974588366609129,0.7422818318762018
674,Point Cook - North,2016,106.57636566332218,0.9094368910885586,0.7683795045741082
676,Point Cook - South,2011,96.92814371257484,0.8837418053067471,0.7309365726336094
677,Point Cook - South,2016,104.42787682333874,0.9011777608677755,0.7614013992768156
679,Point Nepean,2011,87.64150943396227,0.8440807577790401,0.6981332018154794
680,Point Nepean,2016,104.82223962411902,0.9026937537206413,0.7626822554292736
682,Port Melbourne,2011,217.3899692937564,1.398206146887706,1.1564463768765678
683,Port Melbourne,2016,237.70110584518167,1.413501089223602,1.1942612811237185
685,Port Melbourne Industrial,2011,0.0,0.4697843262865684,0.38855528081949836
686,Port Melbourne Industrial,2016,0.0,0.49974051934572433,0.42222871804865375
688,Prahran - Windsor,2011,197.529030765672,1.3133847139255692,1.0862911719027624
689,Prahran - Windsor,2016,229.60548648115252,1.3823802505666387,1.1679674120015349
691,Preston - East,2011,122.46048252911814,0.9927844652108397,0.8211249824412509
692,Preston - East,2016,148.17014925373132,1.069329960419518,0.9034725039908127
694,Preston - West,2011,123.71666666666668,0.9981493344722046,0.8255622277169434
695,Preston - West,2016,149.2173010380623,1.0733553771620976,0.9068735621100467
697,Research - North Warrandyte,2011,109.6938775510204,0.9382612750417272,0.7760292389651021
698,Research - North Warrandyte,2016,121.5609756097561,0.9670400969102816,0.8170482172521228
700,Reservoir - East,2011,106.09331651954602,0.9228841192378647,0.7633109025769905
701,Reservoir - East,2016,125.3659281894576,0.9816669352046345,0.8294063730210712
703,Reservoir - West,2011,111.32033898305085,0.945207512206068,0.78177442240569
704,Reservoir - West,2016,131.21990915972748,1.0041705620532704,0.8484195951792117
706,Richmond (Vic.),2011,178.54958819492106,1.2323279444583433,1.0192496933766197
707,Richmond (Vic.),2016,214.18326920336327,1.3230948130907538,1.1178773886886981
709,Riddells Creek,2011,83.15384615384615,0.8249149953185827,0.6822813357606715
710,Riddells Creek,2016,108.97345132743364,0.9186516667400912,0.7761650307818819
712,Ringwood,2011,113.88636363636364,0.9561664045968978,0.7908384444943963
713,Ringwood,2016,127.70085836909873,0.990642775363172,0.8369900236094019
715,Ringwood East,2011,105.99932523616734,0.922482704403875,0.7629788952178288
716,Ringwood East,2016,118.10692951015533,0.9537621985129081,0.8058297752773892
718,Ringwood North,2011,102.5264797507788,0.9076509918888696,0.7507116911013026
719,Ringwood North,2016,111.6,0.9287485344148231,0.7846958329273442
721,Rockbank - Mount Cottrell,2011,121.025,0.9866538543668588,0.8160543977393147
722,Rockbank - Mount Cottrell,2016,131.57037037037037,1.0055177902641719,0.8495578627768696
724,Romsey,2011,71.74750830564784,0.7762011885784661,0.6419904920722282
725,Romsey,2016,92.38636363636364,0.8548882835311036,0.7222916094591043
727,Rosebud - McCrae,2011,85.15417106652586,0.8334579161500143,0.6893471249259125
728,Rosebud - McCrae,2016,102.47243346007603,0.8936607279300212,0.7550502889346067
730,Rowville - Central,2011,97.54328358208954,0.8863689241174014,0.7331094439494508
731,Rowville - Central,2016,118.04848484848485,0.9535375280084759,0.805639952088359
733,Rowville - North,2011,94.5441176470588,0.873560186406401,0.7225154279302677
734,Rowville - North,2016,107.84732824427482,0.914322671859899,0.7725074807375193
736,Rowville - South,2011,107.03187250996017,0.9268924728164005,0.7666261833626287
737,Rowville - South,2016,114.85714285714286,0.94126950566876,0.7952747502586731
739,Roxburgh Park - Somerton,2011,92.61235216819972,0.865310066915224,0.7156918126746722
740,Roxburgh Park - Somerton,2016,101.24474187380495,0.888941287692179,0.7510628532066809
742,Sandringham - Black Rock,2011,170.9580291970803,1.199906167828658,0.9924338721196759
743,Sandringham - Black Rock,2016,196.039230199852,1.2533462632858017,1.0589471246219495
745,Seabrook,2011,93.26717557251908,0.8681066648409954,0.7180048589633312
746,Seabrook,2016,100.60727272727271,0.8864907556740643,0.7489924087410202
748,Seaford (Vic.),2011,98.93625498007968,0.892317979842322,0.7380298657014471
749,Seaford (Vic.),2016,113.51769268056228,0.9361204477696669,0.7909243323283065
751,Seddon - Kingsville,2011,128.33748960931007,1.0178837907721976,0.841884456408725
752,Seddon - Kingsville,2016,156.42960812772134,1.1010806240133828,0.9302985096226618
754,Skye - Sandhurst,2011,105.9578313253012,0.9223054935951364,0.7628323254161115
755,Skye - Sandhurst,2016,115.51546391752576,0.943800195735006,0.7974129199309032
757,Somerville,2011,88.82556879739978,0.8491375989639112,0.7023156792560925
758,Somerville,2016,106.75642343268242,0.9101290615744996,0.7689643165828135
760,South Melbourne,2011,184.53178654292344,1.2578765173731516,1.0403807366404925
761,South Melbourne,2016,217.78070809248555,1.3369239360043268,1.1295615579995635
763,South Morang (North),2011,101.68020304568527,0.9040367416001934,0.747722370348588
764,South Morang (North),2016,103.5321252059308,0.8977343502640199,0.758492075760599
766,South Morang (South),2011,100.1463768115942,0.8974861277454375,0.7423044041384464
767,South Morang (South),2016,107.1870882740448,0.9117846052013179,0.7703630786126371
769,South Yarra - East,2011,205.53328628557983,1.3475690210787095,1.1145647696417513
770,South Yarra - East,2016,246.27274150618445,1.4464518096610777,1.2221012098677595
772,South Yarra - West,2011,229.49277456647405,1.4498944034442625,1.1991973668896998
773,South Yarra - West,2016,252.93276108726755,1.4720539761557174,1.2437323754823721
775,Southbank,2011,270.8938379102478,1.6267086820851924,1.3454392013784802
776,Southbank,2016,285.90946261682245,1.5988216219148614,1.3508378401923495
778,Springvale,2011,98.54411764705884,0.8906432528168219,0.7366447108691587
779,Springvale,2016,117.37971274685816,0.9509666624900847,0.8034678383411549
781,Springvale South,2011,91.01242236024844,0.8584771401249132,0.7100403474399449
782,Springvale South,2016,105.9808773903262,0.9071477401746255,0.7664454103424152
784,St Albans - North,2011,87.89789964994166,0.8451757405506798,0.6990388542915636
785,St Albans - North,2016,101.87992667277726,0.8913830383177092,0.7531258783097121
787,St Albans - South,2011,86.4380664652568,0.8389411337401528,0.6938822552640649
788,St Albans - South,2016,97.6450980392157,0.8751036886201999,0.7393715224242935
790,St Kilda,2011,209.5282221551464,1.3646304597700039,1.1286761644477088
791,St Kilda,2016,236.06388173063883,1.4072073413060098,1.1889437192849357
793,St Kilda East,2011,177.05917008196718,1.225962716557622,1.0139850585728265
794,St Kilda East,2016,199.8094997473472,1.267839774529945,1.0711926329122323
796,Strathmore,2011,113.8,0.9557975656630365,0.7905333804309431
797,Strathmore,2016,140.359375,1.039304111326811,0.8781037870668096
799,Sunbury,2011,78.10408163265306,0.8033486296504507,0.6644439478369941
800,Sunbury,2016,93.1747572815534,0.8579189931441499,0.7248522435985365
802,Sunbury - South,2011,90.33096506808762,0.855566795080451,0.7076332217170173
803,Sunbury - South,2016,104.38601398601398,0.9010168335134219,0.7612654324142193
805,Sunshine,2011,100.79651795429815,0.9002627288246772,0.744600911177316
806,Sunshine,2016,117.01537147736975,0.9495660771421368,0.8022844895169371
808,Sunshine North,2011,89.68995633187772,0.8528291963778677,0.7053689732669648
809,Sunshine North,2016,102.38529088913282,0.8933257381326343,0.754767257426785
811,Sunshine West,2011,86.60341726618705,0.8396473084184798,0.6944663273266939
812,Sunshine West,2016,101.09157266091572,0.8883524810614324,0.7505653728958905
814,Surrey Hills (East) - Mont Albert,2011,151.2799442896936,1.1158656600029622,0.92292456478168
815,Surrey Hills (East) - Mont Albert,2016,173.2986536107711,1.1659278974792746,0.9850877053842968
817,Surrey Hills (West) - Canterbury,2011,156.91919191919192,1.139949570442844,0.9428441961115928
818,Surrey Hills (West) - Canterbury,2016,179.44454887218046,1.1895536889391296,1.005049039826498
820,Sydenham,2011,101.890440386681,0.9049346162147385,0.7484649960674001
821,Sydenham,2016,112.56701030927836,0.9324658746776804,0.7878365984906245
823,Tarneit,2011,86.13674732695554,0.8376542700275701,0.6928178994240747
824,Tarneit,2016,95.70961820851689,0.8676633986526876,0.733085251903332
826,Taylors Hill,2011,92.6279069767442,0.8653764978720658,0.7157467572474185
827,Taylors Hill,2016,108.19089574155656,0.9156433995485289,0.773623358152446
829,Taylors Lakes,2011,98.02552204176334,0.888428452025468,0.7348128648596373
830,Taylors Lakes,2016,106.27931769722814,0.9082949918205091,0.7674147185593171
832,Templestowe,2011,129.64492753623188,1.0234675530054747,0.8465027465073538
833,Templestowe,2016,145.40625,1.0587050954312185,0.8944955990775927
835,Templestowe Lower,2011,117.8206429780034,0.9729687934144924,0.8047355809890617
836,Templestowe Lower,2016,136.04172876304025,1.022706397689816,0.8640804467928166
838,The Basin,2011,82.26760563380282,0.8211300689037062,0.6791508499957711
839,The Basin,2016,93.88571428571429,0.8606520240863947,0.7271613702481871
841,Thomastown,2011,94.35672082717876,0.872759858326623,0.7218534822577843
842,Thomastown,2016,110.4854988399072,0.9244642160413139,0.7810760298805002
844,Thornbury,2011,149.74442846872753,1.1093078303170083,0.9175006304087866
845,Thornbury,2016,174.51063829787236,1.1705869579175134,0.9890241264668301
847,Toorak,2011,203.86424581005588,1.3404409387574456,1.1086691833629667
848,Toorak,2016,224.4607122668174,1.3626029264298052,1.1512576318387002
850,Truganina,2011,87.58226600985222,0.8438277429419271,0.6979239350400996
851,Truganina,2016,98.76237623762376,0.8793986823673238,0.7430003450505822
853,Tullamarine,2011,109.65840220385677,0.9381097681138448,0.7759039286607445
854,Tullamarine,2016,122.52870813397128,0.9707602134813512,0.8201913285068411
856,Upwey - Tecoma,2011,86.01928374655648,0.8371526104913793,0.6924029803834563
857,Upwey - Tecoma,2016,107.6831955922865,0.9136917200387741,0.7719743921279889
859,Vermont,2011,106.03130755064456,0.9226192934044183,0.7630918670104011
860,Vermont,2016,121.09183673469389,0.9652366530251365,0.8155244948997821
862,Vermont South,2011,106.82749326145552,0.9260196167476212,0.7659042503053886
863,Vermont South,2016,123.07004830917872,0.9728412105605887,0.8219495544161185
865,Viewbank - Yallambie,2011,99.02329594478,0.8926897114874225,0.7383373223058283
866,Viewbank - Yallambie,2016,117.9402390438247,0.9531214140497231,0.8052883791088529
868,Wallan,2011,93.31346578366448,0.8683043595287827,0.7181683708359747
869,Wallan,2016,93.85019206145968,0.8605154710494923,0.7270459971465772
871,Wandin - Seville,2011,81.38766519823788,0.8173720486792136,0.6760426181499041
872,Wandin - Seville,2016,92.90954773869346,0.8568994858004246,0.7239908660193363
874,Wantirna,2011,104.07142857142856,0.9142491077148347,0.7561689458545692
875,Wantirna,2016,115.42533936651584,0.9434537427355637,0.7971202032106137
877,Wantirna South,2011,95.43707713125846,0.8773738079490004,0.7256696472315735
878,Wantirna South,2016,117.95523906408953,0.9531790764952411,0.8053370978729077
880,Warrandyte - Wonga Park,2011,115.3154761904762,0.9622698107643656,0.7958865284015407
881,Warrandyte - Wonga Park,2016,116.24022346368714,0.9465862858273094,0.7997668760391281
883,Watsonia,2011,94.3492586490939,0.8727279891056753,0.721827123451409
884,Watsonia,2016,114.04093567251462,0.9381318764199921,0.7926237801569217
886,Wattle Glen - Diamond Creek,2011,100.93409742120345,0.9008502986171404,0.7450868859809375
887,Wattle Glen - Diamond Creek,2016,111.65608465608466,0.9289641326852776,0.7848779910230429
889,Werribee - East,2011,80.47762747138398,0.8134854899482553,0.6728280730179582
890,Werribee - East,2016,92.50689972401103,0.8553516432775714,0.7226831002111502
892,Werribee - South,2011,88.62627291242362,0.8482864527543182,0.7016117022692462
893,Werribee - South,2016,101.76778413736712,0.8909519447108891,0.7527616490869049
895,Werribee - West,2011,81.30428954423593,0.8170159707206317,0.675748108598502
896,Werribee - West,2016,94.28587443946188,0.8621903028791277,0.7284610556999639
898,West Footscray - Tottenham,2011,115.42877192982452,0.9627536704241918,0.7962867252907965
899,West Footscray - Tottenham,2016,142.33810068649885,1.046910645189993,0.8845305163743507
901,West Melbourne,2011,0.0,0.4697843262865684,0.38855528081949836
902,West Melbourne,2016,0.0,0.49974051934572433,0.42222871804865375
904,Wheelers Hill,2011,108.43072289156628,0.9328666363082053,0.7715673715703507
905,Wheelers Hill,2016,123.64020486555698,0.9750329823574567,0.8238013734306311
907,Whittlesea,2011,83.1504424778761,0.8249004590129236,0.6822693128854683
908,Whittlesea,2016,93.32417582417582,0.8584933816063807,0.7253375420577993
910,Williamstown,2011,131.89801505817934,1.0330899639469542,0.8544613742782738
911,Williamstown,2016,155.06153846153848,1.0958215482789262,0.9258551380737877
913,Wollert,2011,88.0,0.8456117873158232,0.6993995054750971
914,Wollert,2016,107.76538461538462,0.9140076676163709,0.7722413349422996
916,Wyndham Vale,2011,83.28078078078077,0.8254571034840094,0.6827297095753472
917,Wyndham Vale,2016,88.75767030681227,0.8409390136152854,0.7105059284381183
919,Yarra - North,2011,162.61722080136406,1.1642845218935043,0.9629714616791383
920,Yarra - North,2016,196.7857695282289,1.2562160782986869,1.0613718195726685
922,Yarra Valley,2011,81.5420918367347,0.8180315688094585,0.67658810256706
923,Yarra Valley,2016,91.10106382978724,0.8499473882014617,0.7181170672311125
925,Yarraville,2011,131.20696202531644,1.0301386377335744,0.8520203533214992
926,Yarraville,2016,162.73461091753774,1.125318049926145,0.9507766115091031
