children_wh_valid_scores_count_2018, development_at_risk_count_2018, development_at_risk_perc_2018, development_at_risk_count_2015, development_at_risk_perc_2012, development_vulnerable_perc_2009, development_at_risk_perc_2015, development_on_track_perc_2009, development_at_risk_count_2012, development_on_track_count_2012, name, development_on_track_count_2009, development_vulnerable_count_2009, children_wh_valid_scores_count_2009, development_vulnerable_perc_2015, development_vulnerable_perc_2018, development_at_risk_count_2009, code, development_vulnerable_perc_2012, development_at_risk_perc_2009, development_on_track_count_2015, development_vulnerable_count_2015, development_vulnerable_count_2012, development_on_track_count_2018, children_wh_valid_scores_count_2012, sa2_main16, development_on_track_perc_2012, children_wh_valid_scores_count_2015, development_on_track_perc_2015, development_vulnerable_count_2018, development_on_track_perc_2018
60,4,6.6666665,11,9.459459,11.764706,14.666667,74.5098,7,64,"Bacchus Marsh Region",38,6,51,5.3333335,11.666667,7,"21009",4.0540543,13.725491,60,4,3,49,74,"201021009",86.48649,75,80.0,7,81.666664
42,5,11.904762,4,25.0,17.142857,11.764706,71.42857,11,27,"Beaufort",25,6,35,0.0,2.3809524,4,"21014",13.636364,11.428572,30,0,6,36,44,"201031014",61.363636,34,88.23529,1,85.71429
83,10,12.048193,10,7.6923075,12.345679,12.345679,77.77778,6,70,"Prahran - Windsor",63,10,81,6.1728396,14.457831,8,"21136",2.5641026,9.876543,66,5,2,61,78,"206061136",89.74359,81,81.48148,12,73.49397
72,6,8.333333,15,11.864407,8.888889,24.590164,73.333336,7,47,"Collingwood",33,4,45,14.754098,12.5,8,"21141",8.474576,17.777779,37,9,5,57,59,"206071141",79.66102,61,60.65574,9,79.166664
77,14,18.181818,10,17.72152,5.882353,16.129032,82.35294,14,61,"Hadfield",28,2,34,11.290322,12.987013,4,"21440",5.063291,11.764706,45,7,4,53,79,"210031440",77.21519,62,72.58064,10,68.83117
166,16,9.638555,29,8.474576,4.9382715,18.354431,81.48148,15,154,"Sunbury",132,8,162,10.126582,6.0240965,22,"21240",4.519774,13.580247,113,16,8,140,177,"210041240",87.00565,158,71.51899,10,84.33735
331,46,13.897281,56,16.14035,7.823129,16.0,75.85034,46,212,"Sunbury - South",223,23,294,8.285714,8.459214,48,"21241",9.473684,16.32653,265,29,27,257,285,"210041241",74.38596,350,75.71429,28,77.6435
73,11,15.068493,16,17.241379,10.606061,19.753086,72.72727,10,40,"Fitzroy",48,7,66,19.753086,5.479452,11,"21142",13.793103,16.666666,49,16,8,58,58,"206071142",68.965515,81,60.493828,4,79.45206
88,13,14.772727,5,8.536586,6.4102564,6.097561,89.74359,7,72,"Hughesdale",70,5,78,2.4390244,6.818182,3,"21180",3.6585367,3.8461537,75,2,3,69,82,"208021180",87.80488,82,91.46342,6,78.40909
182,24,13.186813,30,19.68912,11.111111,14.354067,62.34568,38,117,"Wendouree - Miners Rest",101,18,162,16.746412,19.23077,43,"21008",19.68912,26.54321,144,35,38,123,193,"201011008",60.62176,209,68.89952,35,67.58242
54,8,14.814815,13,12.0,12.244898,20.63492,83.67347,6,40,"Golden Plains - North",41,6,49,7.9365077,9.259259,2,"21015",8.0,4.0816326,45,5,4,41,50,"201031015",80.0,63,71.42857,5,75.92593
82,12,14.634147,13,12.371134,1.2820513,14.444445,88.46154,12,78,"Creswick - Clunes",69,1,78,7.7777777,3.6585367,8,"21010",7.216495,10.256411,70,7,7,67,97,"201021010",80.41237,90,77.77778,3,81.70731
59,8,13.559322,18,17.204302,10.958904,18.367348,67.12329,16,68,"Daylesford",49,8,73,5.102041,15.254237,16,"21011",9.67742,21.917809,75,5,9,42,93,"201021011",73.11828,98,76.53061,9,71.18644
60,7,11.666667,7,8.333333,4.285714,11.666667,77.14286,6,59,"Gordon (Vic.)",54,3,70,16.666666,1.6666666,13,"21012",9.722222,18.571428,43,10,7,52,72,"201021012",81.94444,60,71.666664,1,86.666664
32,1,3.125,3,24.242424,0.0,10.0,92.30769,8,22,"Avoca",24,0,26,23.333334,9.375,2,"21013",9.090909,7.6923075,20,7,3,28,33,"201031013",66.666664,30,66.666664,3,87.5
457,48,10.503283,47,13.513514,5.357143,17.80303,82.14286,15,78,"Point Cook - South",46,3,56,8.712121,7.439825,7,"21466",16.216217,12.5,194,23,18,375,111,"213051466",70.27027,264,73.48485,34,82.05689
382,83,21.727749,38,18.49711,10.526316,15.899582,57.894737,32,116,"Cranbourne West",44,8,76,11.297071,6.8062825,24,"21304",14.450867,31.578947,174,27,25,273,173,"212031304",67.052025,239,72.803345,26,71.465965
225,44,19.555555,53,21.73913,8.61244,21.457489,67.94258,60,189,"Mildura - North",142,18,209,8.502025,12.888889,49,"21469",9.782609,23.444977,173,21,27,152,276,"215021469",68.478264,247,70.04049,29,67.55556
30,3,10.0,9,17.647058,18.75,19.565218,72.916664,9,38,"Mildura Region",35,9,48,8.695652,10.0,4,"21398",7.8431373,8.333333,33,4,4,24,51,"215021398",74.5098,46,71.73913,3,80.0
74,18,24.324324,15,7.9365077,5.263158,18.292683,77.192986,5,54,"Red Cliffs",44,3,57,7.3170733,9.459459,10,"21399",6.3492064,17.54386,61,6,4,49,63,"215021399",85.71429,82,74.39024,7,66.21622
132,18,13.636364,16,13.223141,8.139535,12.121212,81.39535,16,94,"Blackburn South",70,7,86,7.5757575,5.3030305,9,"21162",9.090909,10.465117,106,10,11,107,121,"207031162",77.68595,132,80.30303,7,81.06061
91,14,15.384615,21,19.19192,5.714286,19.626167,77.14286,19,69,"Flora Hill - Spring Gully",54,4,70,11.214953,8.791209,12,"21021",11.111111,17.142857,74,12,11,69,99,"202011021",69.69697,107,69.15888,8,75.82417
236,33,13.983051,27,13.120567,9.90991,13.235294,76.57658,37,221,"Kangaroo Flat - Golden Square",170,22,222,13.725491,11.864407,30,"21022",8.510638,13.513514,149,28,24,175,282,"202011022",78.3688,204,73.039215,28,74.15254
97,19,19.58763,10,7.216495,9.615385,11.764706,84.61539,7,87,"Maiden Gully",44,5,52,8.235294,4.123711,3,"21023",3.0927835,5.769231,68,7,3,74,97,"202011023",89.69072,85,80.0,4,76.28866
155,17,10.967742,24,6.097561,6.4102564,17.021276,83.333336,5,77,"Strathfieldsaye",65,5,78,1.4184397,3.8709676,8,"21024",0.0,10.256411,115,2,0,132,82,"202011024",93.902435,141,81.56029,6,85.16129
115,11,9.565217,9,8.333333,4.032258,9.090909,83.064514,9,95,"Surrey Hills (East) - Mont Albert",103,5,124,7.070707,1.7391304,16,"21167",3.7037036,12.903226,83,7,4,102,108,"207031167",87.96296,99,83.83839,2,88.695656
199,14,7.035176,23,17.112299,6.289308,11.5,86.79245,32,151,"Brighton East",138,10,159,6.0,4.522613,11,"21170",2.1390374,6.918239,165,12,4,176,187,"208011170",80.748665,200,82.5,9,88.44221
203,22,10.837439,31,17.322834,11.711712,19.135803,66.666664,22,100,"White Hills - Ascot",74,13,111,12.345679,7.3891625,24,"21025",3.937008,21.621622,111,20,5,166,127,"202011025",78.74016,162,68.51852,15,81.7734
100,11,11.0,15,12.5,5.5555553,15.957447,85.18519,10,69,"Bendigo Region - South",46,3,54,6.382979,6.0,5,"21026",1.25,9.259259,73,6,1,83,80,"202021026",86.25,94,77.65958,6,83.0
173,21,12.138728,22,17.204302,7.586207,11.764706,77.24138,32,139,"Kilmore - Broadford",112,11,145,12.299465,8.092485,22,"21056",8.064516,15.172414,142,23,15,138,186,"204011056",74.731186,187,75.93583,14,79.76878
82,6,7.3170733,11,7.7777777,3.7735848,11.578947,88.679245,7,81,"Mansfield (Vic.)",47,2,53,5.263158,4.878049,4,"21057",2.2222223,7.5471697,79,5,2,72,90,"204011057",90.0,95,83.1579,4,87.80488
35,6,17.142857,4,4.0816326,12.121212,11.764706,66.666664,2,46,"Nagambie",22,4,33,2.9411764,2.857143,7,"21058",2.0408163,21.212122,29,1,1,28,49,"204011058",93.87755,34,85.29412,1,80.0
78,20,25.641026,10,16.923077,10.465117,18.518518,74.4186,11,47,"Seymour",64,9,86,16.666666,12.820513,13,"21059",10.769231,15.116279,35,9,7,48,65,"204011059",72.30769,54,64.81481,10,61.53846
34,4,11.764706,11,22.222221,23.076923,24.444445,65.38461,8,20,"Yea",17,6,26,6.6666665,8.823529,3,"21062",22.222221,11.538462,31,3,8,27,36,"204011062",55.555557,45,68.888885,3,79.411766
90,16,17.777779,17,16.153847,9.523809,15.315315,78.57143,21,85,"Benalla",99,12,126,20.72072,13.333333,15,"21063",18.461538,11.904762,71,23,24,62,130,"204021063",65.38461,111,63.963963,12,68.888885
29,5,17.241379,4,0.0,12.5,10.810811,81.25,0,32,"Benalla Region",13,2,16,13.513514,6.8965516,1,"21064",13.513514,6.25,28,5,5,22,37,"204021064",86.48649,37,75.675674,2,75.86207
37,5,13.513514,9,9.090909,10.0,23.68421,80.0,5,49,"Rutherglen",40,5,50,10.526316,8.1081085,5,"21065",1.8181819,10.0,25,4,1,29,55,"204021065",89.09091,38,65.789474,3,78.37838
220,19,8.636364,35,11.764706,8.181818,15.695067,81.36364,26,187,"Wangaratta",179,18,220,7.1748877,6.818182,23,"21066",3.6199095,10.454545,172,16,8,186,221,"204021066",84.61539,223,77.13004,15,84.545456
104,11,10.576923,20,11.538462,3.4782608,18.348623,87.82609,12,87,"Wangaratta Region",101,4,115,11.009174,5.769231,10,"21067",4.8076925,8.695652,77,12,5,87,104,"204021067",83.65385,109,70.642204,6,83.65385
185,26,14.054054,30,14.379085,11.940298,15.789474,70.89552,22,119,"Drouin",95,16,134,11.052631,7.5675673,23,"21076",7.8431373,17.164179,139,21,12,145,153,"205011076",77.77778,190,73.1579,14,78.37838
58,14,24.137932,11,9.523809,1.7857143,16.923077,87.5,6,56,"Mount Baw Baw Region",49,1,56,6.1538463,13.793103,6,"21077",1.5873016,10.714286,50,4,1,36,63,"205011077",88.888885,65,76.92308,8,62.068966
107,15,14.018692,17,13.253012,5.4545455,16.504854,70.90909,11,68,"Trafalgar (Vic.)",39,3,55,4.854369,6.542056,13,"21078",4.8192773,23.636364,81,5,4,85,83,"205011078",81.92771,103,78.64078,7,79.439255
205,34,16.585365,35,15.384615,9.047619,15.02146,74.28571,28,138,"Warragul",156,19,210,10.729613,8.292683,35,"21079",8.791209,16.666666,173,25,16,154,182,"205011079",75.82417,233,74.248924,17,75.12195
163,25,15.337423,29,17.777779,14.857142,15.263158,70.85714,32,137,"Bairnsdale",124,26,175,5.263158,14.11043,25,"21081",6.111111,14.285714,151,10,11,115,180,"205021081",76.111115,190,79.47369,23,70.55215
0,null,null,null,null,null,null,null,null,null,"Lake King",null,null,0,null,null,null,"21083",null,null,null,null,null,null,0,"205021083",null,0,null,null,null
116,18,15.517241,22,15.476191,24.657534,20.183487,52.054794,13,64,"Lakes Entrance",38,18,73,8.256881,2.586207,17,"21084",8.333333,23.287672,78,9,7,95,84,"205021084",76.190475,109,71.55963,3,81.89655
55,10,18.181818,15,23.68421,19.642857,20.833334,64.28571,18,47,"Orbost",36,11,56,11.111111,7.2727275,9,"21085",14.473684,16.071428,49,8,11,41,76,"205021085",61.842106,72,68.05556,4,74.545456
47,7,14.893617,9,3.5714285,2.5,20.0,87.5,1,21,"Paynesville",35,1,40,2.2222223,8.510638,4,"21086",21.428572,10.0,35,1,6,36,28,"205021086",75.0,45,77.77778,4,76.59574
133,29,21.804512,14,12.844037,10.169492,14.141414,71.18644,14,88,"Korumburra",84,12,118,12.121212,15.037594,22,"21089",6.4220185,18.644068,73,12,7,84,109,"205031089",80.73395,99,73.73737,20,63.157894
135,18,13.333333,9,10.769231,5.839416,6.338028,82.48175,7,52,"Leongatha",113,8,137,3.5211267,8.888889,16,"21090",9.230769,11.678832,128,5,6,105,65,"205031090",80.0,142,90.14085,12,77.77778
242,40,16.528925,28,16.393442,9.21659,11.914893,71.42857,30,138,"Wonthaggi - Inverloch",155,20,217,4.680851,7.8512397,42,"21093",8.196721,19.35484,196,11,15,183,183,"205031093",75.409836,235,83.40426,19,75.619835
157,21,13.375796,21,10.483871,7.5757575,13.636364,81.818184,13,100,"Churchill",108,10,132,20.12987,6.3694267,14,"21094",8.870968,10.606061,102,31,11,126,124,"205041094",80.645164,154,66.233765,10,80.254776
196,35,17.857143,25,21.11111,14.718615,17.006804,68.39827,38,128,"Moe - Newborough",158,34,231,12.92517,14.795918,39,"21095",7.7777777,16.883118,103,19,14,132,180,"205041095",71.111115,147,70.06802,29,67.34694
168,28,16.666666,45,21.472393,18.064516,27.272728,65.16129,35,96,"Morwell",101,28,155,29.09091,32.142857,26,"21096",19.631903,16.774193,72,48,32,86,163,"205041096",58.895706,165,43.636364,54,51.190475
324,46,14.197531,31,10.655738,9.318996,12.301587,75.268814,26,202,"Traralgon",210,26,279,6.3492064,10.802469,43,"21097",6.557377,15.412187,205,16,16,243,244,"205041097",82.78689,252,81.349205,35,75.0
62,5,8.064516,3,18.032787,9.67742,5.769231,70.96774,11,48,"Yallourn North - Glengarry",44,6,62,7.6923075,14.516129,12,"21098",3.2786884,19.35484,45,4,2,48,61,"205041098",78.68852,52,86.53846,9,77.41936
0,null,null,null,null,null,null,null,null,null,"Alps - West",null,null,0,null,null,null,"21099",null,null,null,null,null,null,0,"205051099",null,0,null,null,null
194,20,10.309278,16,12.244898,8.75,9.090909,75.625,24,155,"Maffra",121,14,160,7.3863635,11.340206,25,"21101",8.67347,15.625,147,13,17,152,196,"205051101",79.081635,176,83.52273,22,78.35052
52,9,17.307692,6,12.765958,4.878049,10.909091,85.36585,6,35,"Rosedale",35,2,41,7.2727275,13.461538,4,"21102",12.765958,9.756098,45,4,6,36,47,"205051102",74.46809,55,81.818184,7,69.23077
48,6,12.5,5,9.230769,7.142857,11.904762,83.92857,6,56,"Yarram",47,4,56,9.523809,6.25,5,"21104",4.6153846,8.928572,33,4,3,39,65,"205051104",86.15385,42,78.57143,3,81.25
184,15,8.152174,10,7.9710145,5.172414,7.246377,85.344826,11,116,"Cheltenham - Highett (West)",99,6,116,3.6231885,2.7173913,11,"21171",7.9710145,9.4827585,123,5,11,164,138,"208011171",84.05797,138,89.13043,5,89.13043
207,17,8.212561,30,13.157895,4.464286,12.875537,89.28571,25,158,"Hampton",200,10,224,3.4334764,5.3140097,14,"21172",3.6842105,6.25,195,8,7,179,190,"208011172",83.1579,233,83.69099,11,86.47343
161,16,9.937888,19,9.467456,4.964539,9.84456,74.46809,16,148,"Brunswick",105,7,141,7.253886,8.074534,29,"21105",2.9585798,20.567375,160,14,5,132,169,"206011105",87.57397,193,82.90156,13,81.98758
47,4,8.510638,5,9.859155,13.114754,7.352941,83.60656,7,57,"Brunswick East",51,8,61,5.882353,10.638298,2,"21106",9.859155,3.2786884,59,4,7,38,71,"206011106",80.28169,68,86.76471,5,80.85107
121,9,7.4380164,14,6.4220185,7.826087,12.727273,80.0,7,98,"Pascoe Vale South",92,9,115,5.4545455,10.743802,14,"21109",3.6697247,12.173913,90,6,4,99,109,"206011109",89.90826,110,81.818184,13,81.818184
61,7,11.47541,5,11.764706,null,20.833334,null,2,11,"Docklands",null,null,8,0.0,11.47541,null,"21118",23.529411,null,19,0,4,47,17,"206041118",64.70588,24,79.166664,7,77.04918
154,20,12.987013,23,14.4,3.030303,14.83871,89.89899,18,99,"Alfredton",89,3,99,5.16129,5.194805,7,"21001",6.4,7.070707,124,8,8,126,125,"201011001",79.2,155,80.0,8,81.818184
116,9,7.7586207,12,7.070707,6.5989847,10.344828,78.17259,7,85,"Ballarat",154,13,197,7.7586207,8.620689,30,"21002",7.070707,15.228426,95,9,7,97,99,"201011002",85.85859,116,81.89655,10,83.62069
27,4,14.814815,null,7.6923075,11.764706,null,82.35294,2,23,"South Yarra - West",14,2,17,null,0.0,1,"21125",3.8461537,5.882353,null,null,1,23,26,"206041125",88.46154,null,null,0,85.18519
188,24,12.765958,20,5.982906,7.826087,12.048193,84.347824,7,97,"Bentleigh East (South)",97,9,115,6.0240965,6.382979,9,"21427",11.111111,7.826087,136,10,13,152,117,"208021427",82.90598,166,81.92771,12,80.85107
281,40,14.234876,35,14.532872,8.988764,13.565891,74.7191,42,223,"Ballarat - North",133,16,178,10.077519,8.540925,29,"21003",8.304499,16.292135,197,26,24,217,289,"201011003",77.16263,258,76.35659,24,77.2242
279,29,10.394265,44,13.50211,5.9574466,16.730038,78.297874,32,190,"Bentleigh - McKinnon",184,14,235,5.703422,4.659498,37,"21174",6.329114,15.74468,204,15,15,237,237,"208021174",80.16878,263,77.56654,13,84.946236
281,36,12.811388,44,13.879004,14.594595,16.296297,67.567566,39,217,"Ballarat - South",125,27,185,12.962963,6.7615657,33,"21004",8.896797,17.837837,191,35,25,226,281,"201011004",77.2242,270,70.74074,19,80.42705
106,16,15.094339,10,18.072289,2.7027028,11.764706,85.13513,15,65,"Buninyong",63,2,74,14.117647,8.490566,9,"21005",3.6144578,12.162162,63,12,3,81,83,"201011005",78.313255,85,74.117645,9,76.41509
103,18,17.475729,11,14.141414,5.263158,11.827957,64.91228,14,80,"Delacombe",37,3,57,10.752688,5.8252425,17,"21006",5.050505,29.824562,72,10,5,79,99,"201011006",80.80808,93,77.41936,6,76.69903
128,18,14.0625,13,9.523809,4.285714,11.607142,87.14286,12,105,"Aspendale Gardens - Waterways",122,6,140,4.464286,3.90625,12,"21183",7.142857,8.571428,94,5,9,105,126,"208031183",83.333336,112,83.92857,5,82.03125
49,5,10.204082,11,13.207547,3.8461537,18.644068,76.92308,7,44,"Smythes Creek",40,2,52,1.6949153,8.163265,10,"21007",3.7735848,19.23077,47,1,2,40,53,"201011007",83.01887,59,79.66102,4,81.63265
82,22,26.829268,11,32.291668,23.170732,14.285714,64.63415,31,52,"Maryborough (Vic.)",53,19,82,20.77922,9.756098,10,"21016",13.541667,12.195122,50,16,13,52,96,"201031016",54.166668,77,64.93507,8,63.414635
41,6,14.634147,8,12.765958,13.333333,15.384615,73.333336,6,33,"Maryborough Region",22,4,30,7.6923075,14.634147,4,"21017",17.021276,13.333333,40,4,8,29,47,"201031017",70.21277,52,76.92308,6,70.731705
87,6,6.8965516,8,13.0,1.0526316,7.920792,86.31579,13,87,"Murrumbeena",82,1,95,1.980198,4.597701,12,"21181",0.0,12.631579,91,2,0,77,100,"208021181",87.0,101,90.09901,4,88.505745
170,26,15.294118,32,17.277487,19.457014,21.768707,64.70588,33,132,"Bendigo",143,43,221,17.687075,14.705882,35,"21018",13.612565,15.837104,89,26,26,119,191,"202011018",69.10995,147,60.544216,25,70.0
158,21,13.29114,22,8.67052,5.6603775,10.945273,80.50314,15,148,"Bentleigh East (North)",128,9,159,5.4726367,6.962025,22,"21426",5.780347,13.836478,168,11,10,126,173,"208021426",85.54913,201,83.58209,11,79.74683
193,39,20.207254,27,20.0,12.121212,19.708029,64.64646,26,97,"California Gully - Eaglehawk",64,12,99,10.218978,19.68912,23,"21019",5.3846154,23.232323,96,14,7,116,130,"202011019",74.61539,137,70.07299,38,60.103626
46,5,10.869565,2,13.636364,null,5.714286,null,3,18,"Southbank",null,null,15,5.714286,6.521739,null,"21126",4.5454545,null,31,2,1,38,22,"206041126",81.818184,35,88.57143,3,82.608696
151,14,9.271523,23,20.161291,11.111111,14.465409,77.77778,25,83,"East Bendigo - Kennington",63,9,81,6.918239,11.258278,9,"21020",12.903226,11.111111,125,11,16,120,124,"202011020",66.935486,159,78.616356,17,79.4702
75,9,12.0,15,8.333333,8.0,20.547945,85.333336,6,55,"Chelsea Heights",64,6,75,4.109589,4.0,5,"21187",15.277778,6.6666665,55,3,11,63,72,"208031187",76.388885,73,75.34247,3,84.0
241,22,9.128631,24,13.537118,4.3290043,10.0,84.41558,31,188,"Greensborough",195,10,231,3.75,4.5643153,26,"21197",4.366812,11.255411,207,9,10,208,229,"209011197",82.09607,240,86.25,11,86.30705
90,14,15.555555,14,13.636364,8.928572,16.27907,82.14286,15,87,"Castlemaine",92,10,112,8.139535,20.0,10,"21027",7.2727275,8.928572,65,7,8,58,110,"202021027",79.09091,86,75.5814,18,64.44444
63,8,12.698413,10,10.666667,12.0,13.69863,76.0,8,61,"Castlemaine Region",57,9,75,10.958904,6.3492064,9,"21028",8.0,12.0,55,8,6,51,75,"202021028",81.333336,73,75.34247,4,80.95238
53,18,33.962265,11,22.857143,18.181818,24.444445,68.181816,8,20,"Heathcote",15,4,22,6.6666665,22.64151,3,"21029",20.0,13.636364,31,3,7,23,35,"202021029",57.142857,45,68.888885,12,43.396225
107,18,16.82243,10,2.7027028,5.4945054,8.695652,68.13187,3,102,"Kyneton",62,5,91,4.347826,6.542056,24,"21030",5.4054055,26.373627,100,5,6,82,111,"202021030",91.89189,115,86.95652,7,76.63551
97,16,16.494844,10,16.504854,2.5,11.111111,86.25,17,80,"Woodend",69,2,80,7.7777777,8.247422,9,"21031",5.8252425,11.25,73,7,6,73,103,"202021031",77.66991,90,81.111115,8,75.25773
51,7,13.725491,9,16.666666,10.909091,13.846154,80.0,9,43,"Bendigo Region - North",44,6,55,0.0,3.9215686,5,"21032",3.7037036,9.090909,56,0,2,42,54,"202031032",79.62963,65,86.15385,2,82.35294
63,9,14.285714,10,20.895523,14.285714,15.384615,70.12987,14,45,"Loddon",54,11,77,10.769231,9.523809,12,"21033",11.940298,15.584415,48,7,8,48,67,"202031033",67.16418,65,73.84615,6,76.190475
116,9,7.7586207,11,9.756098,4.878049,10.091743,82.92683,8,71,"Bannockburn",68,4,82,2.7522936,3.4482758,10,"21034",3.6585367,12.195122,95,3,3,103,82,"203011034",86.585365,109,87.15596,4,88.793106
82,13,15.853659,7,13.541667,8.695652,6.930693,77.17391,13,74,"Golden Plains - South",71,8,92,1.980198,6.097561,13,"21035",9.375,14.130435,92,2,9,64,96,"203011035",77.083336,101,91.08911,5,78.04878
53,5,9.433962,6,9.523809,7.5,10.0,73.75,6,55,"Winchelsea",59,6,80,13.333333,15.094339,15,"21036",3.1746032,18.75,46,8,2,40,63,"203011036",87.30159,60,76.666664,8,75.471695
137,3,2.189781,13,9.090909,8.974359,9.154929,78.84615,14,137,"Belmont",123,14,156,4.2253523,7.29927,19,"21037",1.9480519,12.179487,123,6,3,124,154,"203021037",88.96104,142,86.61972,10,90.51095
285,62,21.754387,57,19.883041,12.140575,18.75,66.77316,68,226,"Corio - Norlane",209,38,313,12.828947,20.0,66,"21038",14.035088,21.086262,208,39,48,166,342,"203021038",66.08187,304,68.42105,57,58.245613
136,24,17.647058,16,17.0,6.766917,13.223141,81.20301,17,75,"Geelong",108,9,133,5.785124,15.441176,16,"21039",8.0,12.030075,98,7,8,91,100,"203021039",75.0,121,80.99174,21,66.911766
243,30,12.345679,31,9.693877,6.25,13.247863,83.65385,19,166,"Geelong West - Hamlyn Heights",174,13,208,3.4188035,9.053498,21,"21040",5.612245,10.096154,195,8,11,191,196,"203021040",84.69388,234,83.333336,22,78.60082
185,26,14.054054,22,7.051282,6.1643834,14.285714,80.821915,11,141,"Preston - West",118,9,146,8.441559,11.351352,19,"21429",2.5641026,13.013699,119,13,4,138,156,"209021429",90.38461,154,77.27273,21,74.5946
162,21,12.962963,31,12.804878,4.4117646,16.31579,89.70588,21,135,"Carnegie",122,6,136,5.7894735,3.7037036,8,"21176",4.878049,5.882353,148,11,8,135,164,"208021176",82.31707,190,77.89474,6,83.333336
124,23,18.548388,20,5.0,8.527132,14.705882,71.31783,7,129,"Newtown (Vic.)",92,11,129,0.7352941,5.645161,26,"21046",2.857143,20.155039,115,1,4,94,140,"203021046",92.14286,136,84.55882,7,75.80645
156,24,15.384615,12,21.705427,9.375,12.121212,62.5,28,90,"North Geelong - Bell Park",80,12,128,9.090909,7.051282,36,"21047",8.527132,28.125,78,9,11,121,129,"203021047",69.76744,99,78.78788,11,77.5641
729,113,15.500686,50,8.77193,6.451613,13.404826,74.19355,15,146,"Cranbourne East",23,2,31,8.579088,6.995885,6,"21301",5.8479533,19.35484,291,32,10,565,171,"212031301",85.38012,373,78.01608,51,77.503426
295,28,9.491526,36,10.837439,9.090909,14.634147,76.07655,22,170,"Grovedale",159,19,209,8.9430895,6.779661,31,"21041",5.4187193,14.832536,188,22,11,247,203,"203021041",83.74384,246,76.42277,20,83.72881
228,35,15.350877,39,7.3170733,3.6809816,18.75,86.50307,15,185,"Highton",141,6,163,5.769231,8.333333,16,"21042",2.4390244,9.815951,157,12,5,174,205,"203021042",90.243904,208,75.48077,19,76.31579
231,32,13.852814,33,18.181818,4.2105265,13.807531,78.947365,38,155,"Lara",150,8,190,7.112971,7.7922077,32,"21043",7.6555023,16.842106,189,17,16,181,209,"203021043",74.16268,239,79.0795,18,78.35498
49,4,8.163265,3,2.2222223,7.8431373,4.477612,84.31373,1,41,"Euroa",43,4,51,1.4925373,8.163265,4,"21055",6.6666665,7.8431373,63,1,3,41,45,"204011055",91.111115,67,94.029854,4,83.67347
172,21,12.209302,19,10.135135,9.40171,14.615385,76.92308,15,117,"Leopold",90,11,117,5.3846154,8.139535,16,"21044",10.810811,13.675214,104,7,16,137,148,"203021044",79.054054,130,80.0,14,79.65116
147,31,21.088436,21,15.384615,10.778443,14.788733,73.652695,24,105,"Newcomb - Moolap",123,18,167,18.309858,21.088436,26,"21045",17.307692,15.568862,95,26,27,85,156,"203021045",67.30769,142,66.901405,31,57.823128
363,51,14.049587,44,10.26616,11.647727,13.75,70.454544,27,202,"Wodonga",248,41,352,8.125,11.019283,63,"21074",12.927756,17.897728,250,26,34,272,263,"204031074",76.80608,320,78.125,40,74.93113
63,14,22.222221,9,16.666666,5.4054055,19.565218,79.72973,12,53,"Yackandandah",59,4,74,4.347826,4.7619047,11,"21075",9.722222,14.864865,35,2,7,46,72,"204031075",73.611115,46,76.08696,3,73.01588
297,29,9.76431,31,11.418685,4.878049,10.652921,80.836235,33,243,"Coburg",232,14,287,4.467354,5.050505,41,"21108",4.49827,14.285714,247,13,13,253,289,"206011108",84.083046,291,84.87972,15,85.18519
70,13,18.571428,3,10.344828,1.5625,4.0,87.5,6,49,"Armadale",56,1,64,0.0,5.714286,7,"21135",5.172414,10.9375,72,0,3,53,58,"206061135",84.48276,75,96.0,4,75.71429
379,44,11.609499,74,17.602041,11.142858,18.004866,68.0,69,294,"Hampton Park - Lynbrook",238,39,350,10.948905,7.3878627,73,"21305",7.397959,20.857143,292,45,29,307,392,"212031305",75.0,411,71.04623,28,81.00264
159,21,13.207547,23,11.594203,1.0204082,16.911764,85.71429,16,114,"Clifton Springs",84,1,98,3.6764705,5.6603775,13,"21048",5.7971015,13.265306,108,5,8,129,138,"203031048",82.608696,136,79.411766,9,81.13207
47,7,14.893617,8,17.241379,3.508772,18.181818,84.210526,10,45,"Lorne - Anglesea",48,2,57,4.5454545,12.765958,7,"21049",5.172414,12.280702,34,2,3,34,58,"203031049",77.586205,44,77.27273,6,72.34042
357,55,15.406162,32,9.638555,6.4356437,10.355987,77.22772,24,209,"Ocean Grove - Barwon Heads",156,13,202,5.1779933,10.644258,33,"21050",6.425703,16.336634,261,16,16,264,249,"203031050",83.935745,309,84.46602,38,73.94958
62,11,17.741936,12,25.396826,1.9607843,18.75,90.196075,16,41,"Portarlington",46,1,51,6.25,11.290322,4,"21051",9.523809,7.8431373,48,4,6,44,63,"203031051",65.07937,64,75.0,7,70.96774
19,2,10.526316,5,8.1081085,9.375,12.195122,78.125,3,34,"Point Lonsdale - Queenscliff",25,3,32,2.4390244,10.526316,4,"21052",0.0,12.5,35,1,0,15,37,"203031052",91.89189,41,85.36585,2,78.947365
321,44,13.707165,39,13.703704,5.882353,12.1875,83.333336,37,220,"Torquay",170,12,204,5.9375,3.4267912,22,"21053",4.814815,10.784314,262,19,13,266,270,"203031053",81.48148,320,81.875,11,82.86604
45,11,24.444445,2,10.606061,6.779661,4.1666665,76.27119,7,51,"Alexandra",45,4,59,6.25,6.6666665,10,"21054",12.121212,16.949152,43,3,8,31,66,"204011054",77.27273,48,89.583336,3,68.888885
64,19,29.6875,12,10.714286,4.255319,26.666666,80.85107,6,44,"Beechworth",38,2,47,20.0,17.1875,7,"21068",10.714286,14.893617,24,9,6,34,56,"204031068",78.57143,45,53.333332,11,53.125
84,18,21.428572,17,13.157895,5.4054055,19.318182,81.08108,10,62,"Bright - Mount Beauty",60,4,74,5.681818,9.523809,10,"21069",5.263158,13.513514,66,5,4,58,76,"204031069",81.57895,88,75.0,8,69.04762
31,3,9.67742,4,18.181818,8.333333,13.333333,72.22222,6,20,"Chiltern - Indigo Valley",26,3,36,6.6666665,16.129032,7,"21070",21.212122,19.444445,24,2,7,23,33,"204031070",60.60606,30,80.0,5,74.19355
45,9,20.0,8,6.818182,6.0,19.512196,84.0,3,39,"Myrtleford",42,3,50,9.756098,6.6666665,5,"21071",4.5454545,10.0,29,4,2,33,44,"204031071",88.63636,41,70.731705,3,73.333336
58,14,24.137932,14,12.280702,15.384615,23.728813,69.23077,7,46,"Towong",45,10,65,13.559322,10.344828,10,"21072",7.017544,15.384615,37,8,4,38,57,"204031072",80.70175,59,62.711864,6,65.51724
220,32,14.545455,33,10.232558,18.518518,16.582914,61.728394,22,179,"West Wodonga",50,15,81,13.065327,11.363636,16,"21073",6.5116277,19.753086,140,26,14,163,215,"204031073",83.25581,199,70.35176,25,74.09091
113,11,9.734513,13,16.494844,11.320755,10.077519,83.01887,16,78,"Brunswick West",88,12,106,4.6511626,8.849558,6,"21107",3.0927835,5.6603775,110,6,3,92,97,"206011107",80.41237,129,85.27132,10,81.41593
103,12,11.650485,11,5.1546392,5.263158,10.784314,77.89474,5,90,"Alphington - Fairfield",74,5,95,5.882353,7.76699,16,"21110",2.0618556,16.842106,85,6,2,83,97,"206021110",92.78351,102,83.333336,8,80.58253
135,20,14.814815,19,15.178572,5.882353,13.475178,82.35294,17,85,"Ormond - Glen Huntly",98,7,119,9.929078,5.185185,14,"21182",8.928572,11.764706,108,14,10,108,112,"208021182",75.89286,141,76.59574,7,80.0
248,25,10.080646,42,7.8014183,7.623318,14.285714,82.51121,22,251,"Northcote",184,17,223,4.7619047,5.2419353,22,"21111",3.1914895,9.865471,238,14,9,210,282,"206021111",89.007095,294,80.95238,13,84.67742
0,null,null,null,null,null,null,null,null,null,"West Melbourne",null,null,0,null,null,null,"21127",null,null,null,null,null,null,0,"206041127",null,null,null,null,null
183,27,14.754098,22,11.049724,8.092485,11.398964,80.34682,20,155,"Thornbury",139,14,173,5.699482,3.2786884,20,"21112",3.314917,11.560694,160,11,6,150,181,"206021112",85.63536,193,82.90156,6,81.96722
78,14,17.948717,7,14.634147,3.030303,9.722222,77.27273,12,60,"South Melbourne",51,2,66,9.722222,8.974359,13,"21132",12.195122,19.69697,58,7,10,57,82,"206051132",73.17073,72,80.55556,7,73.07692
181,27,14.917127,28,12.048193,4.137931,15.730337,85.51724,20,128,"Ascot Vale",124,6,145,10.674157,6.077348,15,"21113",10.843373,10.344828,131,19,18,143,166,"206031113",77.10844,178,73.595505,11,79.00552
290,34,11.724138,17,10.762332,2.734375,6.25,89.84375,24,189,"Essendon - Aberfeldie",230,7,256,5.882353,7.2413793,19,"21114",4.484305,7.421875,239,16,10,235,223,"206031114",84.753365,272,87.867645,21,81.034485
91,21,23.076923,17,15.384615,12.068966,16.504854,70.68965,16,79,"Flemington",82,14,116,14.563107,8.791209,20,"21115",8.653846,17.241379,71,15,9,62,104,"206031115",75.96154,103,68.93204,8,68.13187
165,15,9.090909,9,10.344828,2.5477707,6.1643834,91.71974,12,98,"Moonee Ponds",144,4,157,5.479452,6.6666665,9,"21116",5.172414,5.732484,129,8,6,139,116,"206031116",84.48276,146,88.35616,11,84.242424
74,9,12.162162,12,23.214285,24.528301,16.90141,58.490566,13,41,"Carlton",31,13,53,18.309858,10.810811,9,"21117",3.5714285,16.981133,46,13,2,57,56,"206041117",73.21429,71,64.788734,8,77.02702
133,18,13.533834,15,20.0,13.461538,11.627907,71.15385,19,69,"North Melbourne",37,7,52,9.302325,9.022556,8,"21123",7.368421,15.384615,102,12,7,103,95,"206041123",72.63158,129,79.06977,12,77.44361
33,5,15.151515,3,20.833334,9.523809,13.636364,76.190475,5,15,"Parkville",16,2,21,4.5454545,3.030303,3,"21124",16.666666,14.285714,18,1,4,27,24,"206041124",62.5,22,81.818184,1,81.818184
160,14,8.75,10,7.751938,5.8252425,7.9365077,71.84466,10,112,"Albert Park",74,6,103,6.3492064,5.625,23,"21128",5.426357,22.330097,108,8,7,137,129,"206051128",86.82171,126,85.71429,9,85.625
135,15,11.111111,14,8.125,5.882353,9.032258,85.29412,13,143,"Elwood",87,6,102,5.806452,8.888889,9,"21129",2.5,8.823529,132,9,4,108,160,"206051129",89.375,155,85.16129,12,80.0
111,5,4.5045047,13,5.263158,8.571428,14.606742,80.0,4,70,"St Kilda",56,6,70,8.988764,5.4054055,8,"21133",2.631579,11.428572,68,8,2,100,76,"206051133",92.10526,89,76.404495,6,90.09009
119,13,10.92437,16,10.909091,5.0,13.333333,84.0,12,93,"St Kilda East",84,5,100,2.5,8.403361,11,"21134",4.5454545,11.0,101,3,5,96,110,"206051134",84.545456,120,84.166664,10,80.67227
76,10,13.157895,13,20.0,10.0,13.978495,77.5,21,73,"Delahey",93,12,120,15.053763,11.842105,15,"21331",10.476191,12.5,66,14,11,57,105,"213011331",69.52381,93,70.96774,9,75.0
116,19,16.37931,10,8.955224,5.084746,12.987013,81.355934,6,59,"South Yarra - East",48,3,59,11.688312,9.4827585,8,"21137",2.9850745,13.559322,58,9,2,86,67,"206061137",88.0597,77,75.32468,11,74.13793
63,5,7.9365077,11,6.451613,4.0,16.17647,80.0,4,52,"Toorak",60,3,75,2.9411764,9.523809,12,"21138",9.67742,16.0,55,2,6,52,62,"206061138",83.870964,68,80.882355,6,82.53968
31,3,9.67742,7,10.0,12.903226,21.212122,74.19355,3,25,"Abbotsford",23,4,31,6.060606,6.451613,4,"21139",6.6666665,12.903226,24,2,2,26,30,"206071139",83.333336,33,72.72727,2,83.870964
53,6,11.320755,7,9.859155,6.3492064,12.962963,84.12698,7,59,"Carlton North - Princes Hill",53,4,63,7.4074073,7.5471697,6,"21140",7.0422535,9.523809,43,4,5,43,71,"206071140",83.098595,54,79.62963,4,81.13207
93,6,6.451613,13,15.238095,4.4444447,10.077519,88.888885,16,87,"Fitzroy North",80,4,90,10.852714,4.3010755,6,"21143",1.9047619,6.6666665,102,14,2,83,105,"206071143",82.85714,129,79.06977,4,89.247314
182,20,10.989011,25,12.578616,13.829787,13.736263,70.74468,20,125,"Richmond (Vic.)",133,26,188,9.89011,13.186813,29,"21144",8.805032,15.425532,139,18,14,138,159,"206071144",78.616356,182,76.37363,24,75.82417
96,10,10.416667,15,11.702127,4.9180326,16.304348,83.60656,11,79,"Yarra - North",51,3,61,4.347826,6.25,7,"21145",4.255319,11.47541,73,4,4,80,94,"206071145",84.04256,92,79.347824,6,83.333336
120,12,10.0,23,10.185185,2.479339,18.699186,89.256195,11,88,"Ashburton (Vic.)",108,3,121,4.878049,7.5,10,"21146",8.333333,8.264462,94,6,9,99,108,"207011146",81.48148,123,76.42277,9,82.5
156,18,11.538462,23,8.0,6.504065,15.972222,83.73984,12,136,"Balwyn",103,8,123,4.861111,5.1282053,12,"21147",1.3333334,9.756098,114,7,2,130,150,"207011147",90.666664,144,79.166664,8,83.333336
244,28,11.47541,28,5.7777777,5.5921054,11.965812,85.197365,13,205,"Camberwell",259,17,304,4.700855,2.8688524,28,"21149",3.1111112,9.210526,195,11,7,209,225,"207011149",91.111115,234,83.333336,7,85.65574
246,31,12.601626,26,11.792453,3.1674209,11.607142,91.8552,25,177,"Balwyn North",203,7,221,2.6785715,6.910569,11,"21148",4.716981,4.9773755,192,6,10,198,212,"207011148",83.49056,224,85.71429,17,80.48781
182,13,7.142857,35,13.513514,5.907173,15.151515,81.85654,25,146,"Kew",194,14,237,4.7619047,6.0439563,29,"21153",7.5675673,12.236287,185,11,14,158,185,"207011153",78.91892,231,80.08658,11,86.81319
202,20,9.9009905,20,6.2222223,5.2863436,8.438819,81.05727,14,207,"Glen Iris - East",184,12,227,2.5316455,2.970297,31,"21150",1.7777778,13.656387,211,6,4,176,225,"207011150",92.0,237,89.02953,6,87.128716
132,12,9.090909,15,9.67742,6.7901235,10.791367,83.950615,15,137,"Hawthorn",136,11,162,7.1942444,3.7878788,15,"21151",1.9354838,9.259259,114,10,3,115,155,"207011151",88.3871,139,82.01439,5,87.121216
156,21,13.461538,27,9.433962,3.1496062,16.981133,81.88976,15,139,"Hawthorn East",104,4,127,6.289308,6.4102564,19,"21152",3.144654,14.960629,122,10,5,125,159,"207011152",87.42139,159,76.72956,10,80.128204
56,3,5.357143,15,8.235294,3.5294118,18.518518,88.23529,7,75,"Kew East",75,3,85,2.4691358,3.5714285,7,"21154",3.5294118,8.235294,64,2,3,51,85,"207011154",88.23529,81,79.012344,2,91.07143
154,11,7.142857,19,15.432098,7.4468083,10.555555,72.87234,25,135,"Surrey Hills (West) - Canterbury",137,14,188,7.2222223,3.8961039,37,"21155",1.2345679,19.680851,148,13,2,137,162,"207011155",83.333336,180,82.22222,6,88.96104
70,10,14.285714,11,12.790698,5.3030305,11.827957,88.63636,11,72,"Bulleen",117,7,132,6.451613,1.4285715,8,"21156",3.488372,6.060606,76,6,3,59,86,"207021156",83.72093,93,81.72043,1,84.28571
210,28,13.333333,24,12.5,10.067114,14.545455,77.85235,20,132,"Doncaster",116,15,149,7.878788,11.428572,18,"21157",5.0,12.080537,128,13,8,158,160,"207021157",82.5,165,77.57576,24,75.2381
151,16,10.596026,14,14.371258,7.26257,11.864407,76.536316,24,139,"Templestowe",137,13,179,7.6271186,9.933775,29,"21159",2.3952096,16.201117,95,9,4,120,167,"207021159",83.233536,118,80.50848,15,79.4702
162,20,12.345679,16,3.6585367,10.059172,11.940298,78.10651,6,152,"Caulfield - North",132,17,169,0.74626863,6.7901235,20,"21177",3.6585367,11.834319,117,1,6,131,164,"208021177",92.68293,134,87.31343,11,80.8642
114,13,11.403509,16,10.0,3.5971222,12.403101,86.33093,11,89,"Templestowe Lower",120,5,139,6.976744,4.385965,14,"21160",9.090909,10.071942,104,9,10,96,110,"207021160",80.90909,129,80.620155,5,84.210526
174,16,9.195402,7,12.626263,6.395349,4.375,74.4186,25,164,"Box Hill",128,11,172,8.75,4.597701,33,"21163",4.5454545,19.186047,139,14,9,150,198,"207031163",82.828285,160,86.875,8,86.206894
175,26,14.857142,8,10.687023,11.111111,6.6666665,74.60317,14,109,"Doncaster East (North)",94,14,126,6.6666665,9.142858,18,"21424",6.10687,14.285714,104,8,8,133,131,"207021424",83.20611,120,86.666664,16,76.0
206,21,10.194175,13,12.592592,8.396947,9.701492,77.099236,17,110,"Doncaster East (South)",101,11,131,8.955224,3.3980582,19,"21425",5.9259257,14.503817,109,12,8,178,135,"207021425",81.48148,134,81.343285,7,86.40777
238,36,15.12605,31,12.775331,5.479452,13.478261,83.10503,29,178,"Blackburn",182,12,219,7.826087,7.563025,25,"21161",8.810573,11.415525,181,18,20,184,227,"207031161",78.4141,230,78.695656,18,77.31092
208,26,12.5,23,7.76699,3.0612245,11.616161,88.265305,16,185,"Box Hill North",173,6,196,5.5555553,4.8076925,17,"21164",2.4271846,8.67347,164,11,5,172,206,"207031164",89.805824,198,82.828285,10,82.69231
81,11,13.580247,10,8.0,7.5268817,13.333333,73.11828,8,85,"Burwood",68,7,93,8.0,4.9382715,18,"21165",7.0,19.35484,59,6,7,66,100,"207031165",85.0,75,78.666664,4,81.48148
100,12,12.0,9,15.463918,2.7027028,13.235294,89.189186,15,77,"Burwood East",66,2,74,1.4705882,7.0,6,"21166",5.1546392,8.1081085,58,1,5,81,97,"207031166",79.38145,68,85.29412,7,81.0
153,17,11.111111,11,9.82659,3.4013605,6.7484665,84.353745,17,148,"Beaumaris",124,5,147,7.3619633,6.535948,18,"21168",4.6242776,12.244898,140,12,8,126,173,"208011168",85.54913,163,85.88957,10,82.35294
160,21,13.125,33,12.631579,6.918239,16.336634,76.10063,24,154,"Caulfield - South",121,11,159,8.415842,8.125,27,"21178",6.3157897,16.981133,152,17,12,126,190,"208021178",81.052635,202,75.24753,13,78.75
220,27,12.272727,22,13.807531,5.6603775,9.565217,81.44654,33,188,"Brighton (Vic.)",259,18,318,4.7826085,7.7272725,41,"21169",7.5313807,12.893082,197,11,18,176,239,"208011169",78.66109,230,85.652176,17,80.0
93,11,11.827957,9,7.4626865,8.256881,8.035714,78.899086,10,119,"Elsternwick",86,9,109,2.6785715,3.2258065,14,"21179",3.7313433,12.844037,100,3,5,79,134,"208021179",88.80597,112,89.28571,3,84.946236
159,11,6.918239,23,6.751055,6.185567,11.979167,79.896904,16,212,"Sandringham - Black Rock",155,12,194,5.7291665,1.8867924,27,"21173",3.7974684,13.917526,158,11,9,145,237,"208011173",89.45148,192,82.291664,3,91.19497
144,21,14.583333,19,16.778524,4.5454545,15.833333,82.57576,25,113,"Carrum - Patterson Lakes",109,6,132,5.0,3.4722223,17,"21185",7.3825502,12.878788,95,6,11,118,149,"208031185",75.83893,120,79.166664,5,81.94444
176,20,11.363636,10,3.7593985,3.8095238,6.4935064,88.57143,5,125,"Chelsea - Bonbeach",93,4,105,4.5454545,5.1136365,8,"21186",2.255639,7.6190476,137,7,3,147,133,"208031186",93.98496,154,88.96104,9,83.52273
252,33,13.095238,32,16.386555,5.5555553,11.307421,82.87037,39,184,"Cheltenham - Highett (East)",179,12,216,4.2402825,5.5555553,25,"21188",6.302521,11.574074,239,12,15,205,238,"208031188",77.31092,283,84.45229,14,81.349205
134,18,13.432836,18,13.114754,7.086614,13.636364,78.74016,16,98,"Mentone",100,9,127,5.3030305,2.9850745,18,"21190",6.557377,14.173228,107,7,8,112,122,"208031190",80.327866,132,81.06061,4,83.58209
157,15,9.55414,27,21.637426,5.0,14.754098,85.0,37,120,"Edithvale - Aspendale",119,7,140,7.103825,5.732484,14,"21189",8.187135,10.0,143,13,14,133,171,"208031189",70.17544,183,78.142075,9,84.71338
82,10,12.195122,17,14.634147,7.894737,19.318182,78.947365,18,100,"Bundoora - East",90,9,114,5.681818,9.756098,15,"21196",4.0650406,13.157895,66,5,5,64,123,"209011196",81.30081,88,75.0,8,78.04878
104,13,12.5,14,14.285714,10.0,13.333333,75.55556,15,83,"Watsonia",68,9,90,3.8095238,8.653846,13,"21204",6.6666665,14.444445,87,4,7,82,105,"209011204",79.04762,105,82.85714,9,78.84615
86,11,12.790698,13,12.745098,8.791209,15.116279,79.12088,13,86,"Kingsbury",72,8,91,4.6511626,4.6511626,11,"21205",2.9411764,12.087913,69,4,3,71,102,"209021205",84.31373,86,80.23256,4,82.558136
283,46,16.254417,29,14.661654,10.043668,10.394265,77.29258,39,217,"Reservoir - East",177,23,229,5.734767,7.7738514,29,"21207",3.7593985,12.663755,234,16,10,215,266,"209021207",81.57895,279,83.870964,22,75.97173
268,40,14.925373,27,14.0625,8.83721,10.588235,70.69768,36,193,"Reservoir - West",152,19,215,8.235294,5.970149,44,"21208",10.546875,20.465117,207,21,27,212,256,"209021208",75.390625,255,81.17647,16,79.10448
95,11,11.578947,10,8.823529,4.0,13.888889,84.0,6,57,"Coburg North",42,2,50,11.111111,7.368421,6,"21236",7.352941,12.0,54,8,5,77,68,"210031236",83.82353,72,75.0,7,81.052635
219,36,16.438356,46,20.833334,12.878788,24.210526,71.21212,35,116,"Fawkner",94,17,132,12.105263,5.936073,21,"21237",10.119047,15.909091,121,23,17,170,168,"210031237",69.04762,190,63.68421,13,77.62557
151,20,13.245033,21,9.49367,7.5268817,11.538462,81.18279,15,138,"Malvern - Glen Iris",151,14,186,4.3956046,9.933775,21,"21194",3.164557,11.290322,153,8,5,116,158,"208041194",87.341774,182,84.06593,15,76.82119
211,33,15.639811,24,12.254902,10.37037,12.765958,73.333336,25,167,"Ringwood",99,14,135,9.574468,5.687204,22,"21266",5.882353,16.296297,146,18,12,166,204,"211031266",81.86275,188,77.65958,12,78.67299
212,26,12.264151,35,9.777778,6.722689,15.765766,82.35294,22,190,"Malvern East",196,16,238,5.4054055,8.0188675,26,"21195",5.7777777,10.92437,175,12,13,169,225,"208041195",84.44444,222,78.82883,17,79.71698
265,23,8.679245,34,9.666667,4.464286,11.564626,85.71429,29,262,"Eltham",288,15,336,3.0612245,7.1698112,33,"21209",3.0,9.821428,251,9,9,223,300,"209031209",87.333336,294,85.37415,19,84.15094
54,6,11.111111,3,13.725491,4.255319,6.382979,68.085106,7,40,"Hurstbridge",32,2,47,12.765958,1.8518518,13,"21210",7.8431373,27.659575,38,6,4,47,51,"209031210",78.43137,47,80.85107,1,87.03704
45,4,8.888889,8,20.754717,4.5454545,14.814815,77.27273,11,35,"Kinglake",34,2,44,11.111111,6.6666665,8,"21211",13.207547,18.181818,40,6,7,38,53,"209031211",66.037735,54,74.07407,3,84.44444
36,6,16.666666,8,13.846154,5.4545455,15.686275,69.09091,9,52,"Panton Hill - St Andrews",38,3,55,5.882353,2.7777777,14,"21212",6.1538463,25.454546,40,3,4,29,65,"209031212",80.0,51,78.43137,1,80.55556
106,7,6.6037736,17,7.4380164,8.333333,14.912281,80.0,9,108,"Plenty - Yarrambat",96,10,120,3.508772,6.6037736,14,"21213",3.3057852,11.666667,93,4,4,92,121,"209031213",89.256195,114,81.57895,7,86.79245
81,4,4.9382715,6,4.587156,3.8461537,7.6923075,92.30769,5,100,"Research - North Warrandyte",72,3,78,5.1282053,3.7037036,3,"21214",3.6697247,3.8461537,68,4,4,74,109,"209031214",91.74312,78,87.17949,3,91.358025
196,16,8.163265,21,9.395973,4.137931,11.60221,84.13793,14,127,"Heidelberg - Rosanna",122,6,145,8.2872925,4.591837,17,"21198",5.3691278,11.724138,145,15,8,171,149,"209011198",85.2349,181,80.1105,9,87.244896
41,9,21.95122,4,15.517241,11.538462,10.526316,63.46154,9,45,"Bundoora - West",33,6,52,13.157895,12.195122,13,"21217",6.8965516,25.0,29,5,4,27,58,"209041217",77.586205,38,76.31579,5,65.85366
239,34,14.225942,38,12.307693,10.416667,14.785993,71.666664,24,153,"Lalor",172,25,240,8.171206,8.368201,43,"21219",9.230769,17.916666,198,21,18,185,195,"209041219",78.46154,257,77.0428,20,77.40586
167,25,14.97006,28,15.95092,16.806723,17.72152,68.90756,26,116,"Heidelberg West",82,20,119,9.49367,8.982036,17,"21199",12.883435,14.285714,115,15,21,127,163,"209011199",71.16564,158,72.78481,15,76.047905
115,15,13.043478,21,11.029411,5.0,18.26087,88.333336,15,109,"Ivanhoe",106,6,120,3.4782608,2.6086957,8,"21200",8.823529,6.6666665,90,4,12,97,136,"209011200",80.14706,115,78.26087,3,84.347824
84,3,3.5714285,10,12.727273,2.0408163,12.658228,85.71429,14,95,"Ivanhoe East - Eaglemont",84,2,98,10.126582,1.1904762,12,"21201",0.90909094,12.244898,61,8,1,80,110,"209011201",86.36364,79,77.21519,1,95.2381
197,18,9.137055,15,8.74317,9.248555,7.853403,79.19075,16,155,"Montmorency - Briar Hill",137,16,173,5.235602,5.5837564,20,"21202",6.557377,11.560694,166,10,12,168,183,"209011202",84.699455,191,86.910995,11,85.27919
242,36,14.876033,23,16.82243,8.928572,9.236948,76.78571,36,169,"Viewbank - Yallambie",172,20,224,3.6144578,5.785124,32,"21203",4.2056074,14.285714,217,9,9,192,214,"209011203",78.97196,249,87.1486,14,79.338844
196,26,13.265306,30,8.241758,11.363636,14.925373,78.97727,15,152,"Preston - East",139,20,176,7.960199,8.163265,17,"21428",8.241758,9.659091,155,16,15,154,182,"209021428",83.51649,201,77.114426,16,78.57143
162,19,11.728395,21,10.126582,5.376344,12.426036,84.946236,16,132,"Wattle Glen - Diamond Creek",158,10,186,5.3254437,1.8518518,18,"21215",6.329114,9.67742,139,9,10,140,158,"209031215",83.544304,169,82.24852,3,86.419754
171,34,19.883041,27,19.19192,7.9268293,14.361702,73.78049,38,145,"Epping - East",121,13,164,4.255319,8.187135,30,"21431",7.5757575,18.292683,153,8,15,123,198,"209041431",73.23232,188,81.38298,14,71.929825
101,12,11.881188,21,13.274336,5.4945054,18.103449,78.02198,15,85,"Epping - South",71,5,91,14.655172,7.920792,15,"21432",11.504425,16.483517,78,17,13,81,113,"209041432",75.22124,116,67.24138,8,80.19802
60,10,16.666666,11,17.567568,11.111111,18.965517,73.01588,13,57,"Bundoora - North",46,7,63,0.0,5.0,10,"21216",5.4054055,15.873015,47,0,4,47,74,"209041216",77.02702,58,81.034485,3,78.333336
261,41,15.708813,29,7.964602,10.416667,14.07767,64.583336,9,95,"Epping - West",31,5,48,7.76699,5.3639846,12,"21433",7.964602,25.0,161,16,9,206,113,"209041433",84.07079,206,78.15534,14,78.9272
207,16,7.729469,22,8.83721,5.9602647,12.429379,85.430466,19,185,"South Morang (North)",129,9,151,3.9548023,6.2801933,13,"21435",5.116279,8.609271,148,7,11,178,215,"209041435",86.04651,177,83.61582,13,85.99034
164,23,14.02439,24,11.659193,7.1698112,13.953488,82.26415,26,178,"Mill Park - North",218,19,265,5.2325583,6.097561,28,"21220",8.52018,10.566038,139,9,19,131,223,"209041220",79.820625,172,80.81396,10,79.87805
123,19,15.447154,27,12.5,6.3694267,24.107143,81.52866,16,100,"Mill Park - South",128,10,157,14.285714,6.504065,19,"21221",9.375,12.101911,69,16,12,96,128,"209041221",78.125,112,61.607143,8,78.04878
199,27,13.56784,28,13.270143,13.930348,13.592233,69.15423,28,161,"Thomastown",139,28,201,8.252427,7.035176,34,"21223",10.42654,16.915422,161,17,22,158,211,"209041223",76.303314,206,78.15534,14,79.39699
281,37,13.16726,34,14.705882,8.205129,12.592592,83.589745,30,158,"Wallan",163,16,195,8.518518,5.3380785,16,"21224",7.8431373,8.205129,213,23,16,229,204,"209041224",77.45098,270,78.888885,15,81.49466
81,9,11.111111,19,9.67742,6.0,16.101694,84.0,9,81,"Whittlesea",42,3,50,5.9322033,6.1728396,5,"21225",3.2258065,10.0,92,7,3,67,93,"209041225",87.09677,118,77.9661,5,82.71605
449,64,14.253898,39,10.144928,4.7619047,10.51213,85.71429,14,114,"Doreen",54,3,63,3.504043,7.572383,6,"21430",7.246377,9.523809,319,13,10,351,138,"209041430",82.608696,371,85.983826,34,78.17372
146,19,13.013699,21,11.47541,8.441559,14.893617,77.27273,21,148,"South Morang (South)",119,13,154,4.255319,9.589041,22,"21436",7.6502733,14.285714,114,6,14,113,183,"209041436",80.87431,141,80.85107,14,77.39726
76,5,6.5789475,9,7.9545455,4.9382715,10.588235,85.18519,7,79,"Keilor",69,4,81,11.764706,3.9473684,8,"21228",2.2727273,9.876543,66,10,2,68,88,"210011228",89.77273,85,77.64706,3,89.47369
283,43,15.194346,27,11.417323,2.8846154,12.857142,86.53846,29,213,"Keilor East",180,6,208,7.6190476,5.3003535,22,"21229",4.7244096,10.576923,167,16,12,225,254,"210011229",83.85827,210,79.52381,15,79.5053
59,8,13.559322,3,7.5,2.5974026,8.571428,92.207794,6,72,"Niddrie - Essendon West",71,2,77,5.714286,5.084746,4,"21230",2.5,5.194805,30,2,2,48,80,"210011230",90.0,35,85.71429,3,81.355934
134,15,11.19403,10,8.333333,1.5748031,9.090909,92.125984,10,110,"Strathmore",117,2,127,4.5454545,6.716418,8,"21231",0.0,6.2992125,95,5,0,110,120,"210011231",91.666664,110,86.36364,9,82.089554
223,22,9.865471,23,8.641975,7.051282,12.432432,75.0,14,135,"Gisborne",117,11,156,4.324324,4.0358744,28,"21232",8.024692,17.948717,154,8,13,192,162,"210021232",83.333336,185,83.24324,9,86.098656
321,60,18.69159,48,16.412214,12.234042,15.238095,72.87234,43,179,"Cranbourne",274,46,376,13.650794,6.542056,56,"21300",15.267176,14.893617,224,43,40,240,262,"212031300",68.32061,315,71.111115,21,74.76636
32,4,12.5,4,7.8431373,6.122449,7.017544,79.591835,4,44,"Macedon",39,3,49,0.0,3.125,7,"21233",5.882353,14.285714,53,0,3,27,51,"210021233",86.27451,57,92.98245,1,84.375
57,5,8.77193,8,9.67742,10.526316,14.814815,66.666664,6,51,"Riddells Creek",38,6,57,7.4074073,15.789474,13,"21234",8.064516,22.807018,42,4,5,43,62,"210021234",82.258064,54,77.77778,9,75.4386
122,17,13.934426,22,13.913043,9.67742,19.130434,77.41936,16,79,"Romsey",72,9,93,6.9565215,9.016394,12,"21235",17.391304,12.903226,85,8,20,94,115,"210021235",68.695656,115,73.91304,11,77.04918
300,44,14.666667,37,16.071428,13.0,16.972477,65.5,36,172,"Glenroy",131,26,200,11.926605,13.0,43,"21438",7.142857,21.5,155,26,16,217,224,"210031438",76.78571,218,71.100914,39,72.333336
112,14,12.5,14,12.745098,9.90991,13.333333,76.57658,13,77,"Forest Hill",85,11,111,4.7619047,6.25,15,"21269",11.764706,13.513514,86,5,12,91,102,"211041269",75.4902,105,81.90476,7,81.25
203,23,11.33005,23,12.886598,5.6410255,11.979167,83.589745,25,159,"Mitcham (Vic.)",163,11,195,6.25,3.9408867,21,"21270",5.1546392,10.769231,157,12,10,172,194,"211041270",81.95876,192,81.770836,8,84.729065
253,35,13.833992,36,11.111111,4.9382715,15.859031,81.48148,21,160,"Pascoe Vale",132,8,162,8.370044,8.695652,22,"21239",4.2328043,13.580247,172,19,8,196,189,"210031239",84.65608,227,75.77093,22,77.47035
27,6,22.222221,4,8.620689,2.631579,13.793103,81.57895,5,49,"Gowanbrae",31,1,38,3.4482758,0.0,6,"21439",6.8965516,15.789474,24,1,4,21,58,"210031439",84.48276,29,82.75862,0,77.77778
204,43,21.078432,42,22.929935,16.393442,23.076923,63.934425,36,94,"Broadmeadows",117,30,183,17.582418,13.235294,36,"21242",17.197453,19.67213,108,32,27,134,157,"210051242",59.872612,182,59.34066,27,65.68627
237,47,19.831224,45,15.789474,16.080402,18.367348,60.301506,39,170,"Meadow Heights",120,32,199,7.755102,13.080169,47,"21247",15.384615,23.61809,181,19,38,159,247,"210051247",68.82591,245,73.87755,31,67.08861
226,52,23.00885,42,24.481327,14.507772,18.918919,64.76684,59,156,"Campbellfield - Coolaroo",125,28,193,8.1081085,17.699116,40,"21243",10.788382,20.72539,162,18,26,134,241,"210051243",64.73029,222,72.97298,40,59.292034
194,37,19.072165,23,11.666667,8.653846,13.450293,69.23077,14,100,"Gladstone Park - Westmeadows",72,9,104,8.187135,10.309278,23,"21245",5.0,22.115385,134,14,6,137,120,"210051245",83.333336,171,78.36257,20,70.61855
166,37,22.289156,32,14.371258,10.119047,18.934912,72.02381,24,130,"Greenvale - Bulla",121,17,168,8.87574,5.4216866,30,"21246",7.784431,17.857143,122,15,13,120,167,"210051246",77.844315,169,72.18935,9,72.289154
41,9,21.95122,7,11.111111,7.142857,11.290322,78.57143,6,45,"Croydon South",33,3,42,9.67742,7.3170733,6,"21452",5.5555553,14.285714,49,6,3,29,54,"211031452",83.333336,62,79.03226,3,70.731705
338,59,17.455622,46,12.256268,9.154929,13.569322,71.478874,44,302,"Roxburgh Park - Somerton",203,26,284,9.439528,13.609468,55,"21249",3.6211698,19.366198,261,32,13,233,359,"210051249",84.12257,339,76.99115,46,68.93491
127,21,16.535433,18,19.642857,7.368421,13.533834,66.31579,22,81,"Craigieburn - Central",63,7,95,10.526316,21.259842,25,"21441",8.035714,26.31579,101,14,9,79,112,"210051441",72.32143,133,75.93985,27,62.204723
416,70,16.826923,29,17.307692,null,12.608696,null,9,40,"Craigieburn - West",null,null,0,5.652174,10.096154,null,"21444",5.769231,null,188,13,3,304,52,"210051444",76.92308,230,81.73913,42,73.07692
112,19,16.964285,25,13.385827,13.970589,20.161291,65.44118,17,98,"Bayswater",89,19,136,9.67742,6.25,28,"21251",9.448819,20.588236,87,12,12,86,127,"211011251",77.16535,124,70.16129,7,76.78571
184,17,9.23913,29,9.090909,3.7037036,15.425532,85.92593,14,134,"Knoxfield - Scoresby",116,5,135,5.8510637,5.4347825,14,"21254",3.8961039,10.37037,148,11,6,157,154,"211011254",87.012985,188,78.723404,10,85.32609
296,47,15.878378,29,13.095238,6.8702292,15.508021,73.28244,22,138,"Craigieburn - South",96,9,131,13.903744,11.486486,26,"21443",4.7619047,19.847328,132,26,8,215,168,"210051443",82.14286,187,70.588234,34,72.63513
51,9,17.647058,11,3.9473684,3.1914895,13.75,86.17021,3,71,"Lysterfield",81,3,94,3.75,7.8431373,10,"21255",2.631579,10.638298,66,3,2,38,76,"211011255",93.42105,80,82.5,4,74.5098
92,16,17.391304,14,10.091743,8.474576,11.2,82.20339,11,94,"Rowville - North",97,10,118,4.8,7.6086955,11,"21257",3.6697247,9.322034,105,6,4,69,109,"211011257",86.23853,125,84.0,7,75.0
75,15,20.0,20,12.087913,9.090909,17.54386,78.181816,11,79,"Rowville - South",86,10,110,4.385965,5.3333335,14,"21258",1.0989012,12.727273,89,5,1,56,91,"211011258",86.81319,114,78.070175,4,74.666664
157,15,9.55414,19,11.464968,9.67742,12.025316,80.645164,18,130,"Wantirna",100,12,124,5.063291,8.280254,12,"21259",5.732484,9.67742,131,8,9,129,157,"211011259",82.80255,158,82.91139,13,82.1656
156,15,9.615385,23,16.233767,5.5118113,15.333333,84.25197,25,125,"Wantirna South",107,7,127,8.0,9.615385,13,"21260",2.5974026,10.23622,115,12,4,126,154,"211011260",81.16883,150,76.666664,15,80.76923
137,23,16.78832,15,10.416667,7.6923075,9.615385,77.51479,15,123,"Rowville - Central",131,13,169,5.769231,7.29927,25,"21256",4.1666665,14.792899,132,9,6,104,144,"211011256",85.416664,156,84.61539,10,75.91241
227,54,23.788546,41,14.285714,12.254902,17.012447,70.09804,28,152,"Boronia",143,25,204,10.373444,7.488987,36,"21446",8.163265,17.647058,175,25,16,156,196,"211011446",77.55102,241,72.614105,17,68.722466
164,26,15.853659,32,10.596026,6.428571,22.377623,81.42857,16,128,"Ferntree Gully (North)",114,9,140,11.888112,6.707317,17,"21447",4.6357617,12.142858,94,17,7,127,151,"211011447",84.76821,143,65.73427,11,77.439026
220,27,12.272727,19,9.313725,14.159292,11.656442,70.79646,19,174,"Croydon Hills - Warranwood",160,32,226,4.2944784,6.3636365,34,"21265",5.392157,15.044248,137,7,11,179,204,"211031265",85.29412,163,84.04908,14,81.36364
0,null,null,null,null,null,null,null,null,null,"Ferntree Gully (South) - Upper Ferntree Gully",null,null,0,null,null,null,"21448",null,null,null,null,null,null,0,"211011448",null,0,null,null,null
258,36,13.953488,34,13.392858,6.5656567,14.107883,81.818184,30,182,"Ringwood East",162,13,198,12.86307,6.589147,23,"21267",5.357143,11.616161,176,31,12,205,224,"211031267",81.25,241,73.029045,17,79.45737
121,23,19.008265,3,7.826087,4.7619047,2.5641026,84.7619,9,103,"Ringwood North",89,5,105,2.5641026,3.3057852,11,"21268",2.6086957,10.476191,111,3,3,94,115,"211031268",89.565216,117,94.871796,4,77.68595
57,9,15.789474,12,20.895523,7.5,20.689655,70.0,14,49,"The Basin",28,3,40,3.4482758,3.508772,9,"21449",5.970149,22.5,44,2,4,46,67,"211011449",73.13433,58,75.86207,2,80.70175
158,19,12.025316,12,11.038961,3.9548023,9.230769,85.31074,17,125,"Donvale - Park Orchards",151,7,177,2.3076923,6.962025,19,"21261",7.7922077,10.734464,115,3,12,128,154,"211021261",81.16883,130,88.46154,11,81.01266
93,11,11.827957,14,5.263158,2.8169014,20.588236,87.323944,6,99,"Warrandyte - Wonga Park",124,4,142,7.352941,8.602151,14,"21262",7.894737,9.859155,49,5,9,74,114,"211021262",86.8421,68,72.05882,8,79.56989
138,24,17.391304,25,12.408759,4.878049,13.020833,82.31707,17,111,"Croydon - East",135,8,164,7.2916665,13.043478,21,"21450",6.569343,12.804878,153,14,9,96,137,"211031450",81.0219,192,79.6875,18,69.565216
131,20,15.267176,30,15.384615,8.955224,18.072289,80.597015,18,96,"Croydon - West",108,12,134,8.433735,6.10687,14,"21451",2.5641026,10.447762,122,14,3,103,117,"211031451",82.051285,166,73.49397,8,78.62595
137,15,10.948905,20,10.958904,14.655172,15.151515,66.37931,16,117,"Bayswater North",77,17,116,8.333333,6.569343,22,"21263",8.90411,18.965517,101,11,13,113,146,"211031263",80.136986,132,76.51515,9,82.48175
138,18,13.043478,12,12.765958,5.3097343,10.084034,88.495575,18,119,"Vermont",100,6,113,3.3613446,6.521739,7,"21272",2.8368795,6.19469,103,4,4,111,141,"211041272",84.39716,119,86.55462,9,80.434784
70,6,8.571428,13,9.433962,6.0,12.264151,82.0,10,89,"Vermont South",82,6,100,2.8301888,1.4285715,12,"21273",6.6037736,12.0,90,3,7,63,106,"211041273",83.962265,106,84.90566,1,90.0
453,57,12.582782,45,17.131474,10.062893,15.789474,78.616356,43,188,"Cranbourne North",125,16,159,7.7192984,9.271523,18,"21302",7.9681277,11.320755,218,22,20,354,251,"212031302",74.9004,285,76.49123,42,78.1457
147,32,21.768707,17,10.0,7.4626865,12.878788,79.850746,12,99,"Nunawading",107,10,134,6.060606,8.163265,17,"21271",7.5,12.686567,107,8,9,103,120,"211041271",82.5,132,81.06061,12,70.06802
100,12,12.0,13,12.686567,11.926605,9.42029,77.98165,17,108,"Belgrave - Selby",85,13,109,8.695652,13.0,11,"21274",6.716418,10.091743,113,12,9,75,134,"211051274",80.597015,138,81.884056,13,75.0
131,13,9.923664,23,10.185185,10.377358,21.495327,76.41509,11,93,"Chirnside Park",81,11,106,10.280374,9.160305,14,"21275",3.7037036,13.207547,73,11,4,106,108,"211051275",86.111115,107,68.2243,12,80.91603
162,30,18.518518,37,19.774012,9.375,25.694445,61.458332,35,134,"Healesville - Yarra Glen",59,9,96,11.111111,8.641975,28,"21276",4.519774,29.166666,91,16,8,118,177,"211051276",75.706215,144,63.194443,14,72.83951
98,12,12.244898,17,8.695652,6.722689,16.831684,84.87395,8,72,"Kilsyth",101,8,119,6.930693,6.122449,10,"21277",13.043478,8.403361,77,7,12,80,92,"211051277",78.26087,101,76.237625,6,81.63265
207,26,12.560387,38,11.73913,8.230453,15.966387,81.06996,27,185,"Lilydale - Coldstream",197,20,243,9.243697,9.661836,26,"21278",7.826087,10.699589,178,22,18,161,230,"211051278",80.434784,238,74.78992,20,77.77778
52,9,17.307692,7,6.060606,10.909091,10.9375,78.181816,4,57,"Monbulk - Silvan",43,6,55,6.25,15.384615,6,"21279",7.5757575,10.909091,53,4,5,35,66,"211051279",86.36364,64,82.8125,8,67.30769
92,17,18.47826,11,17.1875,9.876543,14.473684,81.48148,11,46,"Montrose",66,8,81,6.5789475,14.130435,7,"21280",10.9375,8.641975,60,5,7,62,64,"211051280",71.875,76,78.947365,13,67.391304
242,32,13.223141,26,12.811388,5.6390977,9.187279,81.20301,36,219,"Mooroolbark",216,15,266,5.3003535,3.3057852,35,"21281",9.252669,13.157895,242,15,26,202,281,"211051281",77.93594,283,85.51237,8,83.47108
124,24,19.35484,22,15.909091,10.526316,18.80342,69.29825,21,98,"Mount Dandenong - Olinda",79,12,114,13.675214,17.741936,23,"21282",9.848485,20.175438,79,16,13,78,132,"211051282",74.242424,117,67.52137,22,62.903225
374,73,19.518717,55,13.478261,7.894737,18.900343,75.6579,31,173,"Pakenham - North",115,12,152,9.621993,12.299465,25,"21291",11.304348,16.447369,208,28,26,255,230,"212011291",75.21739,291,71.47766,46,68.181816
128,17,13.28125,13,23.308271,2.919708,11.711712,83.21168,31,93,"Mount Evelyn",114,4,137,1.8018018,7.8125,19,"21283",6.766917,13.868613,96,2,9,101,133,"211051283",69.92481,111,86.48649,10,78.90625
163,33,20.2454,17,14.193548,10.625,11.724138,71.25,22,116,"Endeavour Hills - South",114,17,160,6.8965516,8.588957,29,"21454",10.967742,18.125,118,10,17,116,155,"212021454",74.83871,145,81.37931,14,71.16564
349,60,17.191977,60,14.457831,13.475178,19.607843,73.758865,36,204,"Lynbrook - Lyndhurst",104,19,141,8.169934,6.017192,18,"21306",3.6144578,12.765958,221,25,9,268,249,"212031306",81.92771,306,72.22222,21,76.79083
105,11,10.476191,20,2.7027028,11.206897,20.0,70.68965,3,103,"Pearcedale - Tooradin",82,13,116,5.0,15.238095,21,"21308",4.5045047,18.103449,75,5,5,78,111,"212031308",92.79279,100,75.0,16,74.28571
112,15,13.392858,23,15.873015,10.091743,19.65812,73.39449,20,96,"Upwey - Tecoma",80,11,109,9.40171,6.25,18,"21284",7.9365077,16.513762,83,11,10,90,126,"211051284",76.190475,117,70.94017,7,80.35714
91,17,18.681318,5,11.504425,6.542056,5.882353,77.57009,13,97,"Wandin - Seville",83,7,107,1.1764706,4.3956046,17,"21285",2.6548672,15.887851,79,1,3,70,113,"211051285",85.840706,85,92.94118,4,76.92308
186,43,23.11828,32,17.156862,13.095238,18.285715,70.2381,35,152,"Yarra Valley",118,22,168,14.285714,5.9139786,28,"21286",8.333333,16.666666,118,25,17,132,204,"211051286",74.5098,175,67.42857,11,70.96774
249,44,17.670683,20,20.512821,8.333333,14.084507,77.77778,24,86,"Beaconsfield - Officer",84,9,108,7.746479,12.4498,15,"21287",5.982906,13.888889,111,11,7,174,117,"212011287",73.50427,142,78.169014,31,69.87952
116,17,14.655172,9,14.736842,3.3898306,10.843373,79.66102,14,71,"Bunyip - Garfield",94,4,118,10.843373,6.034483,20,"21288",10.526316,16.949152,65,9,10,92,95,"212011288",74.73684,83,78.313255,7,79.31035
236,30,12.711864,27,20.55336,10.576923,11.790393,67.30769,52,183,"Emerald - Cockatoo",140,22,208,11.790393,10.169492,46,"21289",7.1146245,22.115385,175,27,18,182,253,"212011289",72.332016,229,76.41921,24,77.118645
101,14,13.861386,12,9.782609,3.125,13.333333,81.25,9,77,"Koo Wee Rup",52,2,64,12.222222,6.930693,10,"21290",6.521739,15.625,67,11,6,80,92,"212011290",83.695656,90,74.44444,7,79.207924
146,16,10.958904,16,16.483517,9.090909,16.666666,81.818184,15,74,"Cranbourne South",36,4,44,8.333333,10.273973,4,"21303",2.1978023,9.090909,72,8,2,115,91,"212031303",81.31868,96,75.0,15,78.76712
535,68,12.71028,74,11.586902,8.870968,14.859438,75.40323,46,318,"Pakenham - South",187,22,248,9.437751,6.728972,39,"21292",8.312343,15.725806,377,47,33,431,397,"212011292",80.10075,498,75.70281,36,80.560745
265,31,11.698113,33,9.122807,4.5643153,12.5,84.6473,26,249,"Berwick - North",204,11,241,8.712121,4.90566,26,"21293",3.508772,10.788382,208,23,10,221,285,"212021293",87.36842,264,78.78788,13,83.396225
438,54,12.328767,56,16.735537,5.940594,13.084112,78.46535,81,372,"Berwick - South",317,24,404,5.3738317,7.305936,63,"21294",6.4049587,15.594059,349,23,31,352,484,"212021294",76.859505,428,81.54205,32,80.365295
146,30,20.547945,32,18.75,19.2,20.64516,56.0,27,103,"Doveton",70,24,125,10.967742,15.068493,31,"21295",9.722222,24.8,106,17,14,94,144,"212021295",71.52778,155,68.3871,22,64.38356
139,28,20.143885,40,17.692308,28.846153,26.490067,53.846153,23,91,"Hallam",56,30,104,8.609271,8.633094,18,"21297",12.307693,17.307692,98,13,16,99,130,"212021297",70.0,151,64.900665,12,71.22302
61,9,14.754098,10,8.641975,4.878049,12.5,87.80488,7,71,"Narre Warren North",72,4,82,7.5,8.196721,6,"21299",3.7037036,7.3170733,64,6,3,47,81,"212021299",87.65432,80,80.0,5,77.04918
122,17,13.934426,27,18.918919,6.8702292,19.424461,76.33588,28,109,"Endeavour Hills - North",100,9,131,7.913669,9.836065,22,"21453",7.4324327,16.793894,101,11,11,93,148,"212021453",73.64865,139,72.66187,12,76.22951
178,22,12.35955,21,12.637362,5.936073,11.60221,77.62557,23,150,"Narre Warren - North East",170,13,219,6.077348,7.8651686,36,"21455",4.945055,16.438356,149,11,9,142,182,"212021455",82.41758,181,82.32044,14,79.77528
164,31,18.90244,38,15.544042,6.866953,18.095238,78.54077,30,146,"Narre Warren - South West",183,16,233,11.428572,6.707317,34,"21456",8.8082905,14.592275,148,24,17,122,193,"212021456",75.64767,210,70.47619,11,74.39024
184,24,13.043478,23,11.894273,7.5,10.747663,81.0,27,186,"Narre Warren South (East)",162,15,200,8.878505,8.152174,23,"21457",6.167401,11.5,172,19,14,145,227,"212031457",81.938324,214,80.37383,15,78.804344
261,29,11.111111,41,7.4766355,4.895105,15.129151,79.37063,24,283,"Narre Warren South (West)",227,14,286,7.380074,6.130268,45,"21458",4.3613706,15.734265,210,20,14,216,321,"212031458",88.161995,271,77.490776,16,82.75862
135,22,16.296297,14,16.528925,14.102564,12.612613,67.948715,20,91,"Clarinda - Oakleigh South",53,11,78,4.5045047,8.148149,14,"21309",8.264462,17.948717,92,5,10,102,121,"212041309",75.20661,111,82.88288,11,75.55556
146,32,21.917809,29,22.123894,9.166667,19.594595,65.833336,25,81,"Clayton South",79,11,120,12.162162,13.013699,30,"21310",6.19469,25.0,101,18,7,95,113,"212041310",71.68142,148,68.24324,19,65.0685
410,69,16.829268,85,20.679886,10.964912,21.794872,66.666664,73,231,"Dandenong",152,25,228,9.230769,10.487804,51,"21311",13.88102,22.368422,269,36,49,298,353,"212041311",65.439095,390,68.97436,43,72.68293
254,38,14.960629,33,15.209126,11.715481,13.414634,71.96653,40,193,"Dandenong North",172,28,239,6.097561,11.811024,39,"21312",11.406844,16.317991,198,15,30,186,263,"212041312",73.38403,246,80.48781,30,73.22835
99,13,13.131313,14,20.689655,2.631579,10.0,82.45614,24,89,"Dingley Village",94,3,114,6.428571,5.050505,17,"21313",2.586207,14.912281,117,9,3,81,116,"212041313",76.72414,140,83.57143,5,81.818184
117,20,17.094017,22,20.689655,15.833333,16.17647,64.166664,24,81,"Noble Park - East",77,19,120,11.029411,6.837607,24,"21459",9.4827585,20.0,99,15,11,89,116,"212041459",69.82758,136,72.79412,8,76.068375
318,41,12.893082,49,15.873015,7.142857,16.955017,76.05042,40,182,"Keysborough",181,17,238,7.9584775,5.0314465,40,"21314",11.904762,16.806723,217,23,30,261,252,"212041314",72.22222,289,75.0865,16,82.07547
82,9,10.97561,14,14.705882,15.254237,17.28395,64.40678,10,54,"Noble Park North",38,9,59,2.4691358,6.097561,12,"21316",5.882353,20.338984,65,2,4,68,68,"212041316",79.411766,81,80.24691,5,82.92683
245,48,19.591837,43,21.925133,11.693548,19.28251,70.564514,41,115,"Springvale",175,29,248,10.762332,10.612245,44,"21317",16.57754,17.741936,156,24,31,171,187,"212041317",61.497326,223,69.955154,26,69.79592
175,39,22.285715,18,21.259842,16.312057,10.404624,65.24823,27,76,"Springvale South",92,23,141,5.202312,8.571428,26,"21318",18.897638,18.439716,146,9,24,121,127,"212041318",59.842518,173,84.39307,15,69.14286
215,32,14.883721,45,20.895523,14.009662,22.727272,67.63285,42,147,"Noble Park - West",140,29,207,9.59596,6.976744,38,"21460",5.970149,18.357489,134,19,12,168,201,"212041460",73.13433,198,67.676765,15,78.139534
208,35,16.826923,25,13.77551,12.666667,12.254902,69.333336,27,156,"Ashwood - Chadstone",104,19,150,6.8627453,10.576923,27,"21319",6.632653,18.0,165,14,13,151,196,"212051319",79.591835,204,80.882355,22,72.59615
143,21,14.685315,25,11.818182,8.163265,18.796993,72.789116,13,91,"Clayton",107,12,147,8.270677,12.587413,28,"21320",5.4545455,19.047619,97,11,6,104,110,"212051320",82.72727,133,72.93233,18,72.72727
275,44,16.0,29,12.903226,7.070707,14.5,84.34344,24,153,"Glen Waverley - East",167,14,198,6.5,3.2727273,17,"21321",4.83871,8.585858,158,13,9,222,186,"212051321",82.258064,200,79.0,9,80.72727
219,28,12.785388,19,13.245033,9.69697,9.268292,73.333336,20,119,"Glen Waverley - West",121,16,165,4.390244,5.479452,28,"21322",7.94702,16.969696,177,9,12,179,151,"212051322",78.807945,205,86.34146,12,81.73516
170,24,14.117647,32,16.216217,8.333333,17.297297,77.5,18,83,"Mount Waverley - North",93,10,120,4.324324,5.2941175,17,"21323",9.009009,14.166667,145,8,10,137,111,"212051323",74.77477,185,78.37838,9,80.588234
224,33,14.732142,25,12.99435,9.89011,13.089005,74.72527,23,143,"Mount Waverley - South",136,18,182,6.8062825,5.357143,28,"21324",6.2146893,15.384615,153,13,11,179,177,"212051324",80.79096,191,80.10471,12,79.91071
237,30,12.658228,27,16.477272,5.5214725,11.489362,82.82208,29,136,"Mulgrave",135,9,163,7.6595745,3.7974684,19,"21325",6.25,11.656442,190,18,11,198,176,"212051325",77.27273,235,80.85107,9,83.544304
227,50,22.026432,30,11.344538,2.843602,13.157895,80.56872,27,204,"Oakleigh - Huntingdale",170,6,211,7.894737,5.7268724,35,"21326",2.9411764,16.587677,180,18,7,164,238,"212051326",85.71429,228,78.947365,13,72.2467
205,26,12.682927,26,13.636364,7.6923075,13.065327,77.948715,18,103,"Wheelers Hill",152,15,195,6.5326633,7.804878,28,"21327",8.333333,14.358974,160,13,11,163,132,"212051327",78.030304,199,80.40201,16,79.51219
95,26,27.368422,14,16.129032,10.344828,20.289856,74.13793,10,43,"Ardeer - Albion",43,6,58,15.942029,8.421053,9,"21328",14.516129,15.517241,44,11,9,61,62,"213011328",69.354836,69,63.768116,8,64.210526
287,35,12.195122,46,21.212122,7.9365077,18.25397,74.60317,49,167,"Hoppers Crossing - South",188,20,252,9.126985,9.059234,44,"21362",6.4935064,17.460318,183,23,15,226,231,"213051362",72.29437,252,72.61905,26,78.74564
153,17,11.111111,18,14.583333,6.849315,15.929204,80.821915,21,106,"Cairnlea",118,10,146,7.964602,2.6143792,18,"21329",11.805555,12.328767,86,9,17,132,144,"213011329",73.611115,113,76.10619,4,86.27451
165,24,14.545455,16,13.28125,2.2727273,13.445378,84.84849,17,98,"Keilor Downs",112,3,132,13.445378,4.848485,17,"21332",10.15625,12.878788,87,16,13,133,128,"213011332",76.5625,119,73.109245,8,80.606064
463,75,16.198704,66,16.797901,8.40708,17.506632,74.77876,64,285,"Deer Park - Derrimut",169,19,226,9.814323,8.207343,38,"21330",8.398951,16.81416,274,37,32,350,381,"213011330",74.80315,377,72.67905,38,75.593956
173,23,13.294798,20,17.880795,4.5454545,11.627907,80.681816,27,113,"Kings Park (Vic.)",71,4,88,9.883721,7.514451,13,"21333",7.284768,14.772727,135,17,11,137,151,"213011333",74.834435,172,78.48837,13,79.19075
267,51,19.101124,46,16.88889,7.6923075,20.087336,68.37607,38,164,"St Albans - North",160,18,234,12.227075,12.734082,56,"21334",10.222222,23.931623,155,28,23,182,225,"213011334",72.888885,229,67.68559,34,68.164795
144,26,18.055555,26,20.547945,12.5,19.25926,67.30769,30,97,"Altona North",70,13,104,8.148149,9.722222,21,"21343",13.013699,20.192308,98,11,19,104,146,"213021343",66.438354,135,72.59259,14,72.22222
202,19,9.405941,50,22.797928,7.6530614,28.735632,70.408165,44,128,"St Albans - South",138,15,196,12.643678,12.376238,43,"21335",10.880829,21.938776,102,22,21,158,193,"213011335",66.32124,174,58.62069,25,78.21782
143,10,6.993007,18,14.563107,7.2727275,13.740458,77.27273,15,83,"Sunshine North",85,8,110,6.8702292,4.195804,17,"21337",4.854369,15.454545,104,9,5,127,103,"213011337",80.58253,131,79.38931,6,88.81119
117,17,14.529915,16,10.0,8.843537,15.841584,73.46939,8,66,"Sunshine",108,13,147,7.920792,10.256411,26,"21336",7.5,17.687075,77,8,6,88,80,"213011336",82.5,101,76.237625,12,75.21368
120,18,15.0,28,16.0,8.029197,21.052631,75.91241,20,96,"Sydenham",104,11,137,9.022556,4.1666665,22,"21339",7.2,16.058393,93,12,9,97,125,"213011339",76.8,133,69.92481,5,80.833336
210,28,13.333333,27,23.03665,3.4482758,12.735849,83.44827,44,129,"Sunshine West",121,5,145,9.905661,10.952381,19,"21338",9.424084,13.103448,164,21,18,159,191,"213011338",67.53927,212,77.35849,23,75.71429
141,25,17.730497,16,13.297873,5.381166,10.191083,77.13004,25,157,"Taylors Lakes",172,12,223,8.280254,6.382979,39,"21340",3.1914895,17.488789,128,13,6,107,188,"213011340",83.510635,157,81.52866,9,75.88653
151,11,7.284768,10,13.793103,0.89285713,6.849315,86.60714,16,93,"Altona",97,1,112,4.109589,3.97351,14,"21341",6.034483,12.5,130,6,7,134,116,"213021341",80.17242,146,89.0411,6,88.74172
194,28,14.43299,22,17.127071,10.994764,9.90991,64.3979,31,137,"Altona Meadows",123,21,191,12.162162,9.278351,47,"21342",7.1823206,24.60733,173,27,13,148,181,"213021342",75.690605,222,77.927925,18,76.28866
272,27,9.926471,27,15.348837,7.5376883,10.505836,78.89447,33,174,"Newport",157,15,199,3.5019455,4.0441175,27,"21344",3.7209303,13.56784,221,9,8,234,215,"213021344",80.93023,257,85.99222,11,86.02941
106,13,12.264151,6,10.810811,8.064516,7.4074073,74.19355,8,64,"Seabrook",46,5,62,6.1728396,3.7735848,11,"21345",2.7027028,17.741936,70,5,2,89,74,"213021345",86.48649,81,86.419754,4,83.962265
193,31,16.062176,16,12.643678,3.9106145,11.034483,84.9162,22,140,"Williamstown",152,7,179,3.4482758,5.1813474,20,"21346",6.8965516,11.173184,124,5,12,152,174,"213021346",80.45977,145,85.51724,10,78.75648
144,11,7.638889,18,6.25,6.0240965,13.740458,80.72289,7,100,"West Footscray - Tottenham",67,5,83,6.8702292,6.25,11,"21351",4.464286,13.253012,104,9,5,124,112,"213031351",89.28571,131,79.38931,9,86.111115
189,28,14.814815,25,11.055276,7.894737,12.195122,72.36842,22,166,"Braybrook",110,12,152,4.878049,7.4074073,30,"21347",5.527638,19.736841,170,10,11,147,199,"213031347",83.41708,205,82.92683,14,77.77778
135,14,10.37037,18,8.888889,5.0,15.0,72.0,8,79,"Footscray",72,5,100,5.8333335,3.7037036,23,"21348",3.3333333,23.0,95,7,3,116,90,"213031348",87.77778,120,79.166664,5,85.92593
117,16,13.675214,11,7.216495,2.1505377,10.476191,86.02151,7,85,"Maribyrnong",80,2,93,6.6666665,3.4188035,11,"21349",5.1546392,11.827957,87,7,5,97,97,"213031349",87.62887,105,82.85714,4,82.90598
135,16,11.851851,14,14.851485,5.633803,10.0,76.056335,15,80,"Seddon - Kingsville",54,4,71,6.428571,8.148149,13,"21350",5.940594,18.309858,117,9,6,108,101,"213031350",79.207924,140,83.57143,11,80.0
210,26,12.380953,29,12.565445,8.928572,13.122172,79.7619,24,160,"Yarraville",134,15,168,6.78733,8.571428,19,"21352",3.6649215,11.309524,177,15,7,166,191,"213031352",83.76963,221,80.0905,18,79.04762
284,29,10.211267,38,8.786611,5.2863436,17.272728,82.81938,21,211,"Bacchus Marsh",188,12,227,9.090909,3.8732395,27,"21353",2.9288702,11.894273,162,20,7,244,239,"213041353",88.284515,220,73.63636,11,85.91549
316,36,11.392406,43,17.0,8.024692,17.55102,82.09876,34,151,"Hillside",133,13,162,8.163265,12.341772,16,"21355",7.5,9.876543,182,20,15,241,200,"213041355",75.5,245,74.28571,39,76.26582
294,50,17.006804,32,14.583333,10.714286,12.8,71.42857,35,178,"Melton",180,27,252,8.0,8.843537,45,"21356",11.25,17.857143,198,20,27,218,240,"213041356",74.166664,250,79.2,26,74.14966
488,68,13.934426,58,20.465117,6.508876,16.022099,78.69823,44,152,"Melton South",133,11,169,9.116022,5.7377048,25,"21357",8.83721,14.792899,271,33,19,392,215,"213041357",70.69768,362,74.86188,28,80.327866
311,44,14.14791,43,13.207547,10.674157,15.302491,68.53933,28,167,"Melton West",122,19,178,6.405694,7.073955,37,"21358",8.0188675,20.786516,220,18,17,245,212,"213041358",78.77358,281,78.29182,22,78.77814
44,7,15.909091,4,5.882353,4.5454545,25.0,90.90909,1,15,"Rockbank - Mount Cottrell",20,1,22,6.25,13.636364,1,"21359",5.882353,4.5454545,11,1,1,31,17,"213041359",88.23529,16,68.75,6,70.454544
325,53,16.307692,35,8.791209,6.707317,9.090909,82.31707,24,237,"Taylors Hill",135,11,164,6.753247,7.6923075,18,"21360",4.3956046,10.97561,324,26,12,247,273,"213041360",86.81319,385,84.155846,25,76.0
81,9,11.111111,8,18.75,12.5,13.559322,87.5,12,47,"Burnside",35,5,40,8.474576,6.1728396,0,"21461",7.8125,0.0,46,5,5,67,64,"213041461",73.4375,59,77.9661,5,82.71605
165,17,10.30303,15,11.340206,5.882353,11.71875,76.47059,11,78,"Burnside Heights",39,3,51,5.46875,4.242424,9,"21462",8.247422,17.647058,106,7,8,141,97,"213041462",80.41237,128,82.8125,7,85.454544
322,37,11.490684,54,13.043478,6.267806,15.743441,81.48148,39,249,"Caroline Springs",286,22,351,8.45481,6.521739,43,"21463",3.6789298,12.250712,260,29,11,264,299,"213041463",83.277596,343,75.80175,21,81.98758
241,49,20.331951,44,10.526316,10.116732,18.80342,71.20622,24,173,"Hoppers Crossing - North",183,26,257,8.974359,8.713693,48,"21361",13.596491,18.677042,169,21,31,171,228,"213051361",75.87719,234,72.22222,21,70.95435
130,29,22.307692,31,22.38806,19.047619,27.678572,61.904762,15,47,"Laverton",26,8,42,12.5,18.461538,8,"21363",7.4626865,19.047619,67,14,5,77,67,"213051363",70.149254,112,59.82143,24,59.23077
867,127,14.648212,100,13.152401,8.949416,14.684288,74.70817,63,367,"Tarneit",192,23,257,12.922174,6.689735,42,"21365",10.229645,16.342413,493,88,49,682,479,"213051365",76.61795,681,72.39354,58,78.662056
644,89,13.819876,58,13.265306,13.793103,15.143603,75.86207,26,158,"Truganina",66,12,87,7.832898,7.919255,9,"21366",6.122449,10.344828,295,30,12,504,196,"213051366",80.61224,383,77.0235,51,78.26087
132,21,15.909091,15,12.844037,9.803922,14.563107,77.45098,14,84,"Werribee - South",79,10,102,7.76699,9.848485,13,"21368",10.091743,12.745098,80,8,11,98,109,"213051368",77.06422,103,77.66991,13,74.242424
475,105,22.105263,64,21.068249,10.909091,15.421687,70.454544,71,234,"Wyndham Vale",155,24,220,6.9879518,8.842105,41,"21369",9.495549,18.636364,322,29,32,328,337,"213051369",69.4362,415,77.59036,42,69.052635
291,46,15.80756,29,10.655738,9.433962,14.720812,81.13207,13,95,"Point Cook - East",86,10,106,7.614213,7.5601373,10,"21464",11.47541,9.433962,153,15,14,223,122,"213051464",77.86885,197,77.66498,22,76.6323
451,77,17.073172,88,12.250712,6.25,19.213974,82.23684,43,282,"Point Cook - North",250,19,304,7.6419215,9.090909,35,"21465",7.4074073,11.513158,335,35,26,333,351,"213051465",80.34188,458,73.144104,41,73.83592
283,33,11.660777,52,22.857143,5.5555553,20.3125,81.349205,56,167,"Werribee - East",205,14,252,6.640625,5.6537104,33,"21467",8.979591,13.095238,187,17,22,234,245,"213051467",68.16327,256,73.046875,16,82.68551
169,18,10.650887,29,20.930233,10.483871,20.714285,77.41936,27,86,"Werribee - West",96,13,124,10.0,10.650887,15,"21468",12.403101,12.096774,97,14,16,133,129,"213051468",66.666664,140,69.28571,18,78.69823
287,60,20.905924,39,17.218542,14.937759,14.181818,65.145226,52,222,"Carrum Downs",157,36,241,9.818182,8.013937,48,"21370",9.271523,19.917013,209,27,28,204,302,"214011370",73.50993,275,76.0,23,71.08014
217,31,14.285714,33,13.270143,12.682927,13.75,72.68293,28,172,"Frankston",149,26,205,8.75,8.29493,30,"21371",5.21327,14.634147,186,21,11,168,211,"214011371",81.51659,240,77.5,18,77.41936
225,42,18.666666,49,14.912281,18.60465,20.502092,62.7907,34,156,"Frankston North",135,40,215,10.878661,11.111111,40,"21372",16.666666,18.60465,164,26,38,158,228,"214011372",68.42105,239,68.61925,25,70.22222
235,20,8.510638,28,13.5,7.5471697,13.270143,79.245285,27,163,"Frankston South",126,12,159,10.42654,4.680851,21,"21373",5.0,13.207547,161,22,10,204,200,"214011373",81.5,211,76.303314,11,86.80851
298,41,13.758389,65,15.454545,7.6923075,20.440252,76.22378,51,252,"Langwarrin",218,22,286,10.377358,9.060403,46,"21374",8.181818,16.083916,220,33,27,230,330,"214011374",76.36364,318,69.18239,27,77.181206
194,22,11.340206,26,14.450867,10.596026,15.476191,70.19868,25,137,"Seaford (Vic.)",106,16,151,8.333333,7.731959,29,"21375",6.3583813,19.205297,128,14,11,157,173,"214011375",79.19075,168,76.190475,15,80.92783
180,27,15.0,37,16.25,8.510638,19.786097,71.6312,26,122,"Skye - Sandhurst",101,12,141,5.347594,10.0,28,"21376",7.5,19.858156,140,10,12,135,160,"214011376",76.25,187,74.86631,18,75.0
118,21,17.79661,18,14.457831,9.876543,14.876033,69.1358,12,65,"Dromana",56,8,81,9.090909,11.864407,17,"21377",7.2289157,20.987654,92,11,6,83,83,"214021377",78.313255,121,76.03306,14,70.33898
52,8,15.384615,8,8.196721,7.5,15.686275,85.0,5,53,"Flinders",34,3,40,9.803922,7.6923075,3,"21378",4.9180326,7.5,38,5,3,40,61,"214021378",86.88525,51,74.5098,4,76.92308
285,66,23.157894,27,13.651877,11.462451,13.043478,72.72727,40,231,"Hastings - Somers",184,29,253,16.425121,12.982456,40,"21379",7.5085325,15.810277,146,34,22,182,293,"214021379",78.83959,207,70.5314,37,63.85965
233,32,13.733906,49,11.589404,10.861423,16.554054,74.906364,35,248,"Mornington",200,29,267,7.4324327,9.871244,38,"21380",6.291391,14.23221,225,22,19,178,302,"214021380",82.1192,296,76.01351,23,76.39485
282,35,12.411347,34,6.7961164,4.910714,12.734082,86.16071,14,188,"Mount Eliza",193,11,224,4.8689137,2.1276596,20,"21381",1.9417475,8.928572,220,13,4,241,206,"214021381",91.26214,267,82.397,6,85.46099
205,24,11.707317,28,9.871244,5.909091,10.9375,85.0,23,200,"Mount Martha",187,13,220,1.953125,4.390244,20,"21382",4.2918453,9.090909,223,5,10,172,233,"214021382",85.83691,256,87.109375,9,83.902435
161,15,9.316771,33,12.121212,13.548388,15.789474,70.96774,24,158,"Point Nepean",110,21,155,9.090909,6.21118,24,"21383",8.080808,15.483871,157,19,16,136,198,"214021383",79.79798,209,75.11961,10,84.472046
207,30,14.492754,31,13.065327,10.204082,14.691943,73.97959,26,146,"Rosebud - McCrae",145,20,196,7.582938,8.212561,31,"21384",13.56784,15.816326,164,16,27,160,199,"214021384",73.36684,211,77.72512,17,77.294685
112,13,11.607142,23,25.210085,10.377358,21.495327,63.207546,30,66,"Mooroopna",67,11,106,14.018692,31.25,28,"21415",19.32773,26.415094,69,15,23,64,119,"216031415",55.462185,107,64.485985,35,57.142857
223,28,12.556054,44,14.859438,11.170213,15.602837,69.14893,37,197,"Shepparton - North",130,21,188,10.638298,14.349775,37,"21416",6.0240965,19.680851,208,30,15,163,249,"216031416",79.11646,282,73.758865,32,73.09417
209,41,19.617226,27,14.136126,9.708738,15.517241,76.21359,27,149,"Somerville",157,20,206,10.91954,7.6555023,29,"21385",7.853403,14.07767,128,19,15,152,191,"214021385",78.01047,174,73.56322,16,72.72727
347,50,14.409222,47,19.461079,8.163265,13.988095,78.23129,65,244,"Shepparton - South",230,24,294,16.666666,12.9683,40,"21417",7.48503,13.605442,233,56,25,252,334,"216031417",73.053894,336,69.34524,45,72.622475
45,4,8.888889,6,3.3333333,6.818182,14.285714,79.545456,2,55,"Shepparton Region - East",35,3,44,11.904762,11.111111,6,"21418",5.0,13.636364,31,5,3,36,60,"216031418",91.666664,42,73.809525,5,80.0
110,15,13.636364,14,8.219178,8.130081,9.523809,79.6748,12,127,"Shepparton Region - West",98,10,123,3.4013605,4.5454545,15,"21419",4.7945204,12.195122,128,5,7,90,146,"216031419",86.9863,147,87.07483,5,81.818184
85,15,17.647058,18,20.430107,2.0618556,20.22472,86.59794,19,70,"Glenelg (Vic.)",84,2,97,31.460674,9.411765,11,"21420",4.3010755,11.340206,43,28,4,62,93,"217011420",75.268814,89,48.314606,8,72.94118
98,16,16.32653,14,9.523809,9.160305,11.666667,77.862595,10,87,"Hamilton (Vic.)",102,12,131,7.5,12.244898,17,"21421",7.6190476,12.977099,97,9,8,70,105,"217011421",82.85714,120,80.833336,12,71.42857
103,15,14.563107,13,7.9365077,7.051282,11.504425,78.20513,10,106,"Portland",122,11,156,7.964602,24.271845,23,"21422",7.9365077,14.743589,91,9,10,63,126,"217011422",84.12698,113,80.530975,25,61.165047
70,15,21.428572,10,11.764706,5.970149,12.658228,83.58209,8,59,"Southern Grampians",56,4,67,2.5316455,10.0,7,"21423",1.4705882,10.447762,67,2,1,48,68,"217011423",86.76471,79,84.81013,7,68.57143
79,22,27.8481,10,13.402061,6.6666665,12.345679,80.0,13,81,"Ararat",72,6,90,7.4074073,20.253164,12,"21386",3.0927835,13.333333,65,6,3,41,97,"215011386",83.50516,81,80.24691,16,51.898735
40,3,7.5,5,9.375,10.714286,16.666666,75.0,3,25,"Ararat Region",21,3,28,3.3333333,12.5,4,"21387",12.5,14.285714,24,1,4,32,32,"215011387",78.125,30,80.0,5,80.0
39,4,10.256411,5,23.68421,6.122449,14.705882,85.71429,9,26,"Rochester",42,3,49,8.823529,5.1282053,4,"21409",7.894737,8.163265,26,3,3,33,38,"216011409",68.42105,34,76.47059,2,84.61539
205,37,18.04878,49,17.857143,10.05291,23.004694,74.07407,40,156,"Horsham",140,19,189,13.615024,14.146341,30,"21388",12.5,15.873015,135,29,28,139,224,"215011388",69.64286,213,63.380283,29,67.80488
37,5,13.513514,4,15.151515,0.0,9.523809,73.52941,5,26,"Horsham Region",25,0,34,7.142857,10.810811,9,"21389",6.060606,26.470589,35,3,2,28,33,"215011389",78.78788,42,83.333336,4,75.675674
73,7,9.589041,18,4.83871,5.882353,26.470589,76.47059,3,56,"Nhill Region",65,5,85,8.823529,13.69863,15,"21390",4.83871,17.647058,44,6,3,56,62,"215011390",90.32258,68,64.70588,10,76.712326
93,17,18.27957,16,16.27907,17.045454,23.880596,69.318184,14,69,"Stawell",61,15,88,14.925373,7.5268817,12,"21392",3.488372,13.636364,41,10,3,69,86,"215011392",80.23256,67,61.19403,7,74.19355
31,4,12.903226,10,14.285714,16.129032,25.641026,80.645164,3,18,"West Wimmera",25,5,31,10.256411,16.129032,1,"21393",0.0,3.2258065,25,4,0,22,21,"215011393",85.71429,39,64.10256,5,70.96774
89,14,15.730337,25,15.476191,7.352941,28.40909,76.47059,13,69,"Irymple",52,5,68,3.409091,7.8651686,11,"21395",2.3809524,16.17647,60,3,2,68,84,"215021395",82.14286,88,68.181816,7,76.404495
57,11,19.298246,7,12.903226,5.5555553,12.5,81.48148,8,49,"Merbein",44,3,54,7.142857,5.263158,7,"21396",8.064516,12.962963,45,4,5,43,62,"215021396",79.03226,56,80.35714,3,75.4386
203,41,20.197044,31,15.981735,11.976048,17.222221,74.251495,35,167,"Mildura - South",124,20,167,12.777778,11.33005,23,"21470",7.762557,13.772455,126,23,17,139,219,"215021470",76.25571,180,70.0,23,68.47291
52,11,21.153847,9,17.28395,8.064516,14.754098,69.354836,14,57,"Buloke",43,5,62,1.6393442,9.615385,14,"21400",12.345679,22.580645,51,1,10,36,81,"215031400",70.37037,61,83.60656,5,69.23077
69,9,13.043478,10,13.75,12.962963,15.873015,81.48148,11,66,"Gannawarra",44,7,54,6.3492064,2.8985507,3,"21401",3.75,5.5555553,49,4,3,58,80,"215031401",82.5,63,77.77778,2,84.05797
27,3,11.111111,10,12.5,15.0,32.258064,62.5,4,27,"Kerang",25,6,40,12.903226,3.7037036,9,"21402",3.125,22.5,17,4,1,23,32,"215031402",84.375,31,54.83871,1,85.18519
52,2,3.8461537,12,7.2727275,12.698413,16.666666,58.73016,4,41,"Robinvale",37,8,63,15.277778,3.8461537,18,"21403",18.181818,28.571428,49,11,10,48,55,"215031403",74.545456,72,68.05556,2,92.30769
166,41,24.698795,21,8.461538,4.7945204,17.355371,83.561646,11,112,"Swan Hill",122,7,146,11.570248,12.650602,17,"21404",5.3846154,11.643836,86,14,7,104,130,"215031404",86.15385,121,71.07438,21,62.650604
73,13,17.80822,21,18.681318,13.461538,22.340425,69.23077,17,72,"Swan Hill Region",36,7,52,12.765958,5.479452,9,"21405",2.1978023,17.307692,61,12,2,56,91,"215031405",79.12088,94,64.893616,4,76.712326
189,30,15.873015,20,13.089005,5.769231,11.299435,82.69231,25,145,"Echuca",172,12,208,11.864407,8.465609,24,"21406",10.994764,11.538462,136,21,21,143,191,"216011406",75.91623,177,76.83616,16,75.66138
46,6,13.043478,5,22.44898,4.6511626,10.0,79.06977,11,34,"Lockington - Gunbower",34,2,43,6.0,2.173913,7,"21408",8.163265,16.27907,42,3,4,39,49,"216011408",69.38776,50,84.0,1,84.78261
61,10,16.393442,14,18.055555,5.3333335,17.948717,70.666664,13,52,"Cobram",53,4,75,15.384615,3.2786884,18,"21411",9.722222,24.0,52,12,7,49,72,"216021411",72.22222,78,66.666664,2,80.327866
23,3,13.043478,1,12.5,5.0,4.7619047,85.0,3,20,"Moira",17,1,20,9.523809,4.347826,2,"21412",4.1666665,10.0,18,2,1,19,24,"216021412",83.333336,21,85.71429,1,82.608696
136,14,10.294118,26,12.578616,6.9444447,21.84874,77.083336,20,127,"Numurkah",111,10,144,8.403361,7.352941,23,"21413",7.5471697,15.972222,83,10,12,112,159,"216021413",79.874214,119,69.7479,10,82.35294
85,19,22.352942,15,13.043478,10.0,15.789474,76.666664,12,78,"Yarrawonga",46,6,60,5.263158,9.411765,8,"21414",2.173913,13.333333,75,5,2,58,92,"216021414",84.78261,95,78.947365,8,68.23529
45,10,22.222221,4,10.869565,10.0,11.764706,80.0,5,38,"Camperdown",24,3,30,11.764706,4.4444447,3,"21471",6.521739,10.0,26,4,3,33,46,"217031471",82.608696,34,76.47059,2,73.333336
167,26,15.568862,30,10.059172,8.053691,17.75148,78.52349,17,136,"Colac",117,12,149,15.384615,11.976048,20,"21472",9.467456,13.422819,113,26,16,121,169,"217031472",80.47337,169,66.86391,20,72.45509
58,15,25.862068,7,5.084746,8.928572,12.5,76.78571,3,53,"Colac Region",43,5,56,3.5714285,5.172414,8,"21473",5.084746,14.285714,47,2,3,40,59,"217031473",89.830505,56,83.92857,3,68.965515
63,14,22.222221,4,11.111111,10.9375,7.017544,70.3125,8,58,"Corangamite - North",45,7,64,8.77193,12.698413,12,"21474",8.333333,18.75,48,5,6,41,72,"217031474",80.55556,57,84.210526,8,65.07937
97,16,16.494844,13,14.736842,5.0,14.772727,81.0,14,73,"Corangamite - South",81,5,100,10.227273,9.278351,14,"21475",8.421053,14.0,66,9,8,72,95,"217031475",76.8421,88,75.0,9,74.22681
28,4,14.285714,10,18.75,0.0,33.333332,94.44444,6,20,"Otway",34,0,36,20.0,14.285714,2,"21476",18.75,5.5555553,14,6,6,20,32,"217031476",62.5,30,46.666668,4,71.42857
74,4,5.4054055,9,7.6923075,4.597701,9.090909,87.35632,8,96,"Moyne - East",76,4,87,5.050505,1.3513514,7,"21477",0.0,8.045977,85,5,0,69,104,"217041477",92.30769,99,85.85859,1,93.24324
109,15,13.761468,16,10.489511,12.605042,12.598425,72.268906,15,111,"Moyne - West",86,15,119,6.2992125,9.174312,18,"21478",11.888112,15.12605,103,8,17,84,143,"217041478",77.622375,127,81.10236,10,77.06422
209,13,6.2200956,39,13.653136,11.153846,14.233577,74.61539,37,218,"Warrnambool - North",194,29,260,5.109489,5.7416267,37,"21479",5.904059,14.230769,221,14,16,184,271,"217041479",80.4428,274,80.65694,12,88.03828
138,10,7.246377,18,12.403101,9.589041,11.764706,81.50685,16,107,"Warrnambool - South",119,14,146,5.882353,4.347826,13,"21480",4.6511626,8.90411,126,9,6,122,129,"217041480",82.94574,153,82.35294,6,88.4058
