children_wh_valid_scores_count_2018, children_wh_valid_scores_count_2009, development_vulnerable_perc_2015, development_vulnerable_perc_2018, development_vulnerable_count_2015, development_vulnerable_count_2012, development_vulnerable_perc_2009, name, children_wh_valid_scores_count_2012, sa2_main16, children_wh_valid_scores_count_2015, code, development_vulnerable_perc_2012, development_vulnerable_count_2018, development_vulnerable_count_2009
382,76,7.949791,8.900523,19,8,14.473684,"Cranbourne West",172,"212031304",239,"21304",4.6511626,34,11
83,81,8.641975,7.2289157,7,4,8.641975,"Prahran - Windsor",78,"206061136",81,"21136",5.1282053,6,7
72,45,18.032787,6.9444447,11,6,11.111111,"Collingwood",59,"206071141",61,"21141",10.169492,5,5
77,34,6.451613,7.7922077,4,5,17.647058,"Hadfield",79,"210031440",62,"21440",6.329114,6,6
169,162,1.8987342,3.5502958,3,13,6.7901235,"Sunbury",180,"210041240",158,"21240",7.2222223,6,11
336,294,3.4285715,6.25,12,16,6.802721,"Sunbury - South",292,"210041241",350,"21241",5.479452,21,20
73,66,11.111111,4.109589,9,6,3.030303,"Fitzroy",58,"206071142",81,"21142",10.344828,3,2
88,78,4.878049,11.363636,4,3,3.8461537,"Hughesdale",82,"208021180",82,"21180",3.6585367,10,3
182,162,9.090909,16.483517,19,19,6.7901235,"Wendouree - Miners Rest",193,"201011008",209,"21008",9.84456,30,11
60,51,3.9473684,5.0,3,3,5.882353,"Bacchus Marsh Region",73,"201021009",76,"21009",4.109589,3,3
82,78,8.888889,1.2195122,8,6,2.5641026,"Creswick - Clunes",97,"201021010",90,"21010",6.185567,1,2
59,74,7.142857,1.6949153,7,7,9.459459,"Daylesford",93,"201021011",98,"21011",7.5268817,1,7
57,70,8.333333,8.77193,5,4,8.571428,"Gordon (Vic.)",72,"201021012",60,"21012",5.5555553,5,6
32,26,20.0,21.875,6,2,7.6923075,"Avoca",33,"201031013",30,"21013",6.060606,7,2
43,37,0.0,4.6511626,0,7,2.7027028,"Beaufort",44,"201031014",34,"21014",15.909091,2,1
54,54,11.111111,11.111111,7,4,14.814815,"Golden Plains - North",54,"201031015",63,"21015",7.4074073,6,8
457,56,9.090909,7.2210064,24,12,5.357143,"Point Cook - South",111,"213051466",264,"21466",10.810811,33,3
30,48,13.043478,6.6666665,6,2,2.0833333,"Mildura Region",51,"215021398",46,"21398",3.9215686,2,1
74,57,9.756098,9.459459,8,3,10.526316,"Red Cliffs",63,"215021399",82,"21399",4.7619047,7,6
225,210,9.67742,11.555555,24,33,9.523809,"Mildura - North",276,"215021469",248,"21469",11.956522,26,20
132,86,3.030303,5.3030305,4,6,2.3255813,"Blackburn South",124,"207031162",132,"21162",4.83871,7,2
91,70,10.280374,6.5934067,11,11,2.857143,"Flora Hill - Spring Gully",99,"202011021",107,"21021",11.111111,6,2
237,222,9.803922,7.594937,20,23,3.6036036,"Kangaroo Flat - Golden Square",276,"202011022",204,"21022",8.333333,18,8
97,52,3.5294118,3.0927835,3,1,5.769231,"Maiden Gully",97,"202011023",85,"21023",1.0309278,3,3
155,78,3.4965036,3.8709676,5,4,12.820513,"Strathfieldsaye",82,"202011024",143,"21024",4.878049,6,10
115,124,2.020202,4.347826,2,5,4.83871,"Surrey Hills (East) - Mont Albert",109,"207031167",99,"21167",4.587156,5,6
199,161,8.955224,5.0251255,18,13,3.10559,"Brighton East",188,"208011170",201,"21170",6.9148936,10,5
203,111,8.641975,4.4334974,14,3,3.6036036,"White Hills - Ascot",127,"202011025",162,"21025",2.3622048,9,4
100,54,4.255319,3.0,4,5,3.7037036,"Bendigo Region - South",80,"202021026",94,"21026",6.25,3,2
173,145,5.347594,7.514451,10,17,9.655172,"Kilmore - Broadford",186,"204011056",187,"21056",9.139785,13,14
82,53,7.368421,6.097561,7,6,5.6603775,"Mansfield (Vic.)",90,"204011057",95,"21057",6.6666665,5,3
35,33,0.0,8.571428,0,2,12.121212,"Nagambie",49,"204011058",34,"21058",4.0816326,3,4
78,86,7.4074073,10.256411,4,4,5.8139534,"Seymour",65,"204011059",54,"21059",6.1538463,8,5
34,26,8.888889,8.823529,4,5,0.0,"Yea",36,"204011062",45,"21062",13.888889,3,0
90,126,14.035088,8.888889,16,19,7.142857,"Benalla",131,"204021063",114,"21063",14.503817,8,9
29,16,10.810811,3.4482758,4,5,0.0,"Benalla Region",37,"204021064",37,"21064",13.513514,1,0
100,74,1.4705882,5.0,1,4,0.0,"Burwood East",97,"207031166",68,"21166",4.123711,5,0
37,50,5.263158,2.7027028,2,0,6.0,"Rutherglen",56,"204021065",38,"21065",0.0,1,3
220,220,8.071749,4.5454545,18,12,6.818182,"Wangaratta",222,"204021066",223,"21066",5.4054055,10,15
104,115,8.256881,2.8846154,9,2,6.9565215,"Wangaratta Region",105,"204021067",109,"21067",1.9047619,3,8
185,134,7.8125,5.9459457,15,11,7.4626865,"Drouin",156,"205011076",192,"21076",7.051282,11,10
58,56,4.6153846,22.413794,3,3,7.142857,"Mount Baw Baw Region",63,"205011077",65,"21077",4.7619047,13,4
108,55,5.8252425,7.4074073,6,6,10.909091,"Trafalgar (Vic.)",82,"205011078",103,"21078",7.3170733,8,6
205,213,6.866953,7.804878,16,8,5.164319,"Warragul",182,"205011079",233,"21079",4.3956046,16,11
164,175,10.0,9.146341,19,12,10.857142,"Bairnsdale",181,"205021081",190,"21081",6.629834,15,19
0,0,null,null,null,null,null,"Lake King",0,"205021083",0,"21083",null,null,null
116,73,4.587156,6.8965516,5,0,10.958904,"Lakes Entrance",84,"205021084",109,"21084",0.0,8,8
56,56,12.5,12.5,9,4,5.357143,"Orbost",76,"205021085",72,"21085",5.263158,7,3
47,40,6.6666665,4.255319,3,4,0.0,"Paynesville",28,"205021086",45,"21086",14.285714,2,0
133,118,8.080808,5.263158,8,12,14.406779,"Korumburra",110,"205031089",99,"21089",10.909091,7,17
136,139,5.633803,7.352941,8,3,10.071942,"Leongatha",65,"205031090",142,"21090",4.6153846,10,14
242,218,7.1729956,7.4380164,17,14,4.1284404,"Wonthaggi - Inverloch",187,"205031093",237,"21093",7.486631,18,9
157,132,10.38961,13.375796,16,7,7.5757575,"Churchill",125,"205041094",154,"21094",5.6,21,10
196,231,8.843537,13.77551,13,22,9.95671,"Moe - Newborough",180,"205041095",147,"21095",12.222222,27,23
168,155,34.545456,33.333332,57,25,10.32258,"Morwell",167,"205041096",165,"21096",14.97006,56,16
324,279,6.3492064,10.493827,16,13,7.8853045,"Traralgon",243,"205041097",252,"21097",5.3497944,34,22
63,62,15.384615,4.7619047,8,2,9.67742,"Yallourn North - Glengarry",59,"205041098",52,"21098",3.3898306,3,6
0,0,null,null,null,null,null,"Alps - West",0,"205051099",0,"21099",null,null,null
194,160,6.25,7.216495,11,15,5.625,"Maffra",190,"205051101",176,"21101",7.894737,14,9
52,41,9.090909,9.615385,5,5,9.756098,"Rosedale",47,"205051102",55,"21102",10.638298,5,4
48,56,2.3809524,12.5,1,6,5.357143,"Yarram",65,"205051104",42,"21104",9.230769,6,3
184,116,5.072464,5.4347825,7,6,8.620689,"Cheltenham - Highett (West)",139,"208011171",138,"21171",4.316547,10,10
207,224,3.862661,3.3816426,9,10,3.125,"Hampton",193,"208011172",233,"21172",5.1813474,7,7
162,141,8.247422,5.5555553,16,10,4.255319,"Brunswick",169,"206011105",194,"21105",5.9171596,9,6
47,61,2.9411764,4.255319,2,8,6.557377,"Brunswick East",73,"206011106",68,"21106",10.958904,2,4
123,115,4.5454545,4.0650406,5,2,8.695652,"Pascoe Vale South",110,"206011109",110,"21109",1.8181819,5,10
61,8,8.333333,11.47541,2,1,null,"Docklands",16,"206041118",24,"21118",6.25,7,null
70,64,6.6666665,8.571428,5,2,3.125,"Armadale",58,"206061135",75,"21135",3.4482758,6,2
159,163,5.970149,7.5471697,12,14,5.5214725,"Bentleigh East (North)",174,"208021426",201,"21426",8.045977,12,9
154,99,7.096774,11.688312,11,5,5.050505,"Alfredton",125,"201011001",155,"21001",4.0,18,5
93,90,6.976744,2.1505377,9,9,6.6666665,"Fitzroy North",108,"206071143",129,"21143",8.333333,2,6
182,194,2.1978023,8.791209,4,9,5.1546392,"Richmond (Vic.)",162,"206071144",182,"21144",5.5555553,16,10
96,61,11.956522,6.25,11,5,4.9180326,"Yarra - North",94,"206071145",92,"21145",5.319149,6,3
116,196,6.8965516,1.7241379,8,5,6.122449,"Ballarat",99,"201011002",116,"21002",5.050505,2,12
27,17,null,0.0,null,1,5.882353,"South Yarra - West",26,"206041125",null,"21125",3.8461537,0,1
188,115,3.0120482,10.106383,5,7,9.565217,"Bentleigh East (South)",117,"208021427",166,"21427",5.982906,19,11
282,179,8.880309,7.0921984,23,20,6.1452513,"Ballarat - North",290,"201011003",259,"21003",6.8965516,20,11
279,238,5.323194,3.5842295,14,10,3.3613446,"Bentleigh - McKinnon",237,"208021174",263,"21174",4.2194095,10,8
281,185,9.225092,9.964413,25,29,9.189189,"Ballarat - South",281,"201011004",271,"21004",10.320285,28,17
107,75,2.3529413,4.6728973,2,3,9.333333,"Buninyong",83,"201011005",85,"21005",3.6144578,5,7
103,59,5.376344,12.621359,5,9,8.474576,"Delacombe",100,"201011006",93,"21006",9.0,13,5
128,140,7.142857,4.6875,8,5,9.285714,"Aspendale Gardens - Waterways",126,"208031183",112,"21183",3.9682539,6,13
50,52,1.6949153,8.0,1,4,5.769231,"Smythes Creek",54,"201011007",59,"21007",7.4074073,4,3
85,82,14.285714,11.764706,11,18,10.97561,"Maryborough (Vic.)",96,"201031016",77,"21016",18.75,10,9
43,30,9.615385,18.60465,5,1,13.333333,"Maryborough Region",39,"201031017",52,"21017",2.5641026,8,4
87,95,0.98039216,6.8965516,1,3,5.263158,"Murrumbeena",101,"208021181",102,"21181",2.970297,6,5
170,222,10.884354,10.0,16,22,6.756757,"Bendigo",190,"202011018",147,"21018",11.578947,17,15
379,350,8.759124,8.970976,36,19,8.0,"Hampton Park - Lynbrook",392,"212031305",411,"21305",4.8469386,34,28
194,99,12.408759,16.494844,17,3,7.070707,"California Gully - Eaglehawk",128,"202011019",137,"21019",2.34375,32,7
46,15,5.714286,6.521739,2,0,null,"Southbank",22,"206041126",35,"21126",0.0,3,null
151,81,9.433962,3.97351,15,6,9.876543,"East Bendigo - Kennington",124,"202011020",159,"21020",4.83871,6,8
75,75,10.958904,1.3333334,8,4,5.3333335,"Chelsea Heights",72,"208031187",73,"21187",5.5555553,1,4
195,192,7.623318,10.256411,17,16,11.979167,"Altona Meadows",184,"213021342",223,"21342",8.695652,20,23
90,115,22.093023,11.111111,19,14,3.4782608,"Castlemaine",110,"202021027",86,"21027",12.727273,10,4
63,76,6.849315,9.523809,5,6,10.526316,"Castlemaine Region",75,"202021028",73,"21028",8.0,6,8
53,22,10.869565,18.867924,5,3,9.090909,"Heathcote",35,"202021029",46,"21029",8.571428,10,2
107,91,5.172414,3.7383177,6,5,8.791209,"Kyneton",112,"202021030",116,"21030",4.464286,4,8
97,81,5.5555553,4.123711,5,7,7.4074073,"Woodend",105,"202021031",90,"21031",6.6666665,4,6
51,55,1.5384616,3.9215686,1,4,9.090909,"Bendigo Region - North",54,"202031032",65,"21032",7.4074073,2,5
63,78,16.923077,17.460318,11,4,11.538462,"Loddon",67,"202031033",65,"21033",5.970149,11,9
116,82,8.256881,4.3103447,9,3,2.4390244,"Bannockburn",82,"203011034",109,"21034",3.6585367,5,2
82,93,0.990099,8.536586,1,2,3.2258065,"Golden Plains - South",96,"203011035",101,"21035",2.0833333,7,3
53,80,13.333333,7.5471697,8,8,7.5,"Winchelsea",63,"203011036",60,"21036",12.698413,4,6
137,156,7.0422535,4.379562,10,12,8.333333,"Belmont",155,"203021037",142,"21037",7.7419353,6,13
289,316,8.881579,14.186852,27,34,11.392406,"Corio - Norlane",342,"203021038",304,"21038",9.941521,41,36
136,133,8.264462,7.352941,10,6,6.0150375,"Geelong",100,"203021039",121,"21039",6.0,10,8
243,215,6.382979,5.761317,15,6,3.7209303,"Geelong West - Hamlyn Heights",202,"203021040",235,"21040",2.970297,14,8
163,137,5.263158,3.0674846,10,4,5.839416,"Carnegie",164,"208021176",190,"21176",2.4390244,5,8
296,210,7.3170733,6.418919,18,18,4.7619047,"Grovedale",219,"203021041",246,"21041",8.219178,19,10
228,163,4.326923,3.9473684,9,9,7.97546,"Highton",206,"203021042",208,"21042",4.3689322,9,13
231,190,6.6945605,6.060606,16,16,10.0,"Lara",216,"203021043",239,"21043",7.4074073,14,19
172,117,3.8461537,8.139535,5,13,2.5641026,"Leopold",148,"203021044",130,"21044",8.783784,14,3
147,168,13.986014,12.92517,20,20,10.119047,"Newcomb - Moolap",156,"203021045",143,"21045",12.820513,19,17
124,130,4.4117646,5.645161,6,6,3.8461537,"Newtown (Vic.)",140,"203021046",136,"21046",4.285714,7,5
158,132,5.050505,6.329114,5,15,18.181818,"North Geelong - Bell Park",127,"203021047",99,"21047",11.811024,10,24
299,288,6.185567,4.347826,18,17,5.9027777,"Coburg",289,"206011108",291,"21108",5.882353,13,17
159,98,4.4117646,4.402516,6,6,3.0612245,"Clifton Springs",138,"203031048",136,"21048",4.347826,7,3
47,57,9.090909,8.510638,4,3,1.754386,"Lorne - Anglesea",58,"203031049",44,"21049",5.172414,4,1
357,202,5.8252425,5.602241,18,16,3.4653466,"Ocean Grove - Barwon Heads",249,"203031050",309,"21050",6.425703,20,7
62,51,7.8125,3.2258065,5,3,3.9215686,"Portarlington",63,"203031051",64,"21051",4.7619047,2,2
19,32,2.4390244,5.263158,1,0,0.0,"Point Lonsdale - Queenscliff",38,"203031052",41,"21052",0.0,1,0
321,204,6.875,4.0498443,22,6,2.4509804,"Torquay",270,"203031053",320,"21053",2.2222223,13,5
45,60,2.0833333,4.4444447,1,5,3.3333333,"Alexandra",66,"204011054",48,"21054",7.5757575,2,2
49,51,7.352941,2.0408163,5,2,5.882353,"Euroa",45,"204011055",68,"21055",4.4444447,1,3
64,47,6.6666665,7.8125,3,1,4.255319,"Beechworth",56,"204031068",45,"21068",1.7857143,5,2
84,74,4.5454545,10.714286,4,0,6.756757,"Bright - Mount Beauty",76,"204031069",88,"21069",0.0,9,5
31,36,6.6666665,6.451613,2,6,2.7777777,"Chiltern - Indigo Valley",33,"204031070",30,"21070",18.181818,2,1
45,50,9.756098,6.6666665,4,5,14.0,"Myrtleford",44,"204031071",41,"21071",11.363636,3,7
58,65,15.254237,12.068966,9,3,7.6923075,"Towong",57,"204031072",59,"21072",5.263158,7,5
220,81,5.91133,8.636364,12,16,12.345679,"West Wodonga",215,"204031073",203,"21073",7.4418607,19,10
367,353,7.97546,9.536785,26,25,11.898017,"Wodonga",265,"204031074",326,"21074",9.433962,35,42
63,74,6.521739,11.111111,3,2,2.7027028,"Yackandandah",72,"204031075",46,"21075",2.7777777,7,2
114,106,1.5503876,7.017544,2,4,6.6037736,"Brunswick West",99,"206011107",129,"21107",4.040404,8,7
103,96,2.9411764,3.883495,3,2,6.25,"Alphington - Fairfield",97,"206021110",102,"21110",2.0618556,4,6
135,121,4.9295774,6.6666665,7,7,4.132231,"Ormond - Glen Huntly",112,"208021182",142,"21182",6.25,9,5
270,224,5.782313,4.4444447,17,14,5.803571,"Northcote",285,"206021111",294,"21111",4.9122806,12,13
0,0,null,null,null,null,null,"West Melbourne",0,"206041127",null,"21127",null,null,null
183,177,6.2176166,6.557377,12,3,5.6497173,"Thornbury",183,"206021112",193,"21112",1.6393442,12,10
79,70,6.9444447,7.594937,5,10,7.142857,"South Melbourne",82,"206051132",72,"21132",12.195122,6,5
182,145,5.0,3.8461537,9,17,0.6896552,"Ascot Vale",162,"206031113",180,"21113",10.493827,7,1
290,258,5.4744525,2.7586207,15,9,7.751938,"Essendon - Aberfeldie",224,"206031114",274,"21114",4.017857,8,20
91,116,10.679611,10.989011,11,13,5.172414,"Flemington",103,"206031115",103,"21115",12.621359,10,6
165,157,3.4246576,1.2121212,5,6,3.821656,"Moonee Ponds",115,"206031116",146,"21116",5.2173915,2,6
74,54,15.277778,6.756757,11,3,7.4074073,"Carlton",56,"206041117",72,"21117",5.357143,5,4
133,52,6.1538463,7.518797,8,8,9.615385,"North Melbourne",96,"206041123",130,"21123",8.333333,10,5
33,21,0.0,0.0,0,3,4.7619047,"Parkville",24,"206041124",22,"21124",12.5,0,1
161,103,3.1746032,5.590062,4,4,5.8252425,"Albert Park",129,"206051128",126,"21128",3.1007752,9,6
136,102,1.9354838,8.088235,3,10,4.901961,"Elwood",160,"206051129",155,"21129",6.25,11,5
111,70,13.483146,8.1081085,12,5,11.428572,"St Kilda",76,"206051133",89,"21133",6.5789475,9,8
119,100,6.6666665,7.563025,8,9,9.0,"St Kilda East",110,"206051134",120,"21134",8.181818,9,9
116,59,11.688312,5.172414,9,4,10.169492,"South Yarra - East",67,"206061137",77,"21137",5.970149,6,6
63,75,2.9411764,6.3492064,2,1,4.0,"Toorak",62,"206061138",68,"21138",1.6129032,4,3
31,31,6.060606,12.903226,2,3,9.67742,"Abbotsford",31,"206071139",33,"21139",9.67742,4,3
53,63,5.5555553,5.6603775,3,5,4.7619047,"Carlton North - Princes Hill",72,"206071140",54,"21140",6.9444447,3,3
120,122,4.878049,7.5,6,4,7.377049,"Ashburton (Vic.)",113,"207011146",123,"21146",3.539823,9,9
156,123,4.861111,1.9230769,7,2,5.6910567,"Balwyn",150,"207011147",144,"21147",1.3333334,3,7
244,308,3.8461537,4.508197,9,5,5.844156,"Camberwell",231,"207011149",234,"21149",2.1645021,11,18
154,189,2.7777777,4.5454545,5,7,6.3492064,"Surrey Hills (West) - Canterbury",162,"207011155",180,"21155",4.3209877,7,12
70,132,12.903226,4.285714,12,4,5.3030305,"Bulleen",91,"207021156",93,"21156",4.3956046,3,7
210,149,6.060606,5.714286,10,5,6.7114096,"Doncaster",168,"207021157",165,"21157",2.9761906,12,10
151,179,3.3898306,7.94702,4,3,6.1452513,"Templestowe",168,"207021159",118,"21159",1.7857143,12,11
246,222,3.5714285,4.878049,8,12,4.5045047,"Balwyn North",213,"207011148",224,"21148",5.633803,12,10
183,238,4.3290043,7.103825,10,9,6.722689,"Kew",185,"207011153",231,"21153",4.864865,13,16
202,233,6.329114,3.960396,15,13,5.579399,"Glen Iris - East",229,"207011150",237,"21150",5.676856,8,13
132,163,7.1942444,4.5454545,10,4,3.0674846,"Hawthorn",155,"207011151",139,"21151",2.580645,6,5
157,128,3.7735848,6.3694267,6,5,4.6875,"Hawthorn East",158,"207011152",159,"21152",3.164557,10,6
56,85,3.7037036,7.142857,3,4,4.7058825,"Kew East",85,"207011154",81,"21154",4.7058825,4,4
114,142,5.970149,3.508772,8,5,4.2253523,"Templestowe Lower",112,"207021160",134,"21160",4.464286,4,6
174,172,6.875,3.4482758,11,15,8.139535,"Box Hill",198,"207031163",160,"21163",7.5757575,6,14
175,126,1.6666666,9.142858,2,9,6.3492064,"Doncaster East (North)",130,"207021424",120,"21424",6.923077,16,8
206,133,2.9850745,6.7961164,4,4,9.022556,"Doncaster East (South)",136,"207021425",134,"21425",2.9411764,14,12
238,219,4.347826,5.882353,10,9,3.652968,"Blackburn",228,"207031161",230,"21161",3.9473684,14,8
163,169,3.7037036,6.7484665,5,6,5.3254437,"Caulfield - North",164,"208021177",135,"21177",3.6585367,11,9
81,93,10.666667,3.7037036,8,3,6.451613,"Burwood",100,"207031165",75,"21165",3.0,3,6
208,197,5.5555553,5.2884617,11,7,4.0609136,"Box Hill North",206,"207031164",198,"21164",3.3980582,11,8
161,147,9.815951,4.968944,16,7,4.0816326,"Beaumaris",184,"208011168",163,"21168",3.8043478,8,6
162,161,5.4455447,8.024692,11,9,3.10559,"Caulfield - South",188,"208021178",202,"21178",4.787234,13,5
221,318,4.7826085,4.072398,11,9,5.6603775,"Brighton (Vic.)",241,"208011169",230,"21169",3.7344398,9,18
93,109,2.6785715,2.1505377,3,6,2.7522936,"Elsternwick",135,"208021179",112,"21179",4.4444447,2,3
160,194,2.6041667,2.5,5,6,4.123711,"Sandringham - Black Rock",237,"208011173",192,"21173",2.5316455,4,8
144,132,5.0,7.638889,6,7,6.818182,"Carrum - Patterson Lakes",150,"208031185",120,"21185",4.6666665,11,9
177,105,5.844156,3.9548023,9,3,6.6666665,"Chelsea - Bonbeach",133,"208031186",154,"21186",2.255639,7,7
253,217,4.5936394,4.743083,13,10,2.764977,"Cheltenham - Highett (East)",241,"208031188",283,"21188",4.149378,12,6
135,127,6.060606,1.4814814,8,6,5.5118113,"Mentone",126,"208031190",132,"21190",4.7619047,2,7
157,141,4.324324,10.191083,8,15,5.673759,"Edithvale - Aspendale",171,"208031189",185,"21189",8.77193,16,8
82,113,5.681818,2.4390244,5,7,4.424779,"Bundoora - East",124,"209011196",88,"21196",5.645161,2,5
241,231,2.9045644,5.394191,7,14,5.6277056,"Greensborough",228,"209011197",241,"21197",6.140351,13,13
104,90,6.6666665,6.730769,7,7,6.6666665,"Watsonia",105,"209011204",105,"21204",6.6666665,7,6
88,91,5.8139534,4.5454545,5,9,7.6923075,"Kingsbury",102,"209021205",86,"21205",8.823529,4,7
284,228,6.451613,5.633803,18,13,7.894737,"Reservoir - East",266,"209021207",279,"21207",4.887218,16,18
269,216,6.614786,6.6914496,17,15,8.796296,"Reservoir - West",257,"209021208",257,"21208",5.836576,18,19
95,50,9.722222,5.263158,7,3,8.0,"Coburg North",68,"210031236",72,"21236",4.4117646,5,4
220,132,11.518325,5.909091,22,3,5.3030305,"Fawkner",170,"210031237",191,"21237",1.7647059,13,7
151,187,7.142857,5.9602647,13,6,5.347594,"Malvern - Glen Iris",158,"208041194",182,"21194",3.7974684,9,10
186,150,10.691824,6.9892473,17,12,6.0,"Preston - West",156,"209021429",159,"21429",7.6923075,13,9
213,241,6.756757,5.633803,15,9,4.9792533,"Malvern East",225,"208041195",222,"21195",4.0,12,12
265,336,3.7288136,8.679245,11,6,5.0595236,"Eltham",303,"209031209",295,"21209",1.980198,23,17
54,48,4.255319,5.5555553,2,2,8.333333,"Hurstbridge",51,"209031210",47,"21210",3.9215686,3,4
45,44,5.5555553,6.6666665,3,7,6.818182,"Kinglake",53,"209031211",54,"21211",13.207547,3,3
36,57,1.9607843,2.7777777,1,4,7.017544,"Panton Hill - St Andrews",65,"209031212",51,"21212",6.1538463,1,4
106,120,8.695652,1.8867924,10,7,11.666667,"Plenty - Yarrambat",121,"209031213",115,"21213",5.785124,2,14
81,78,1.2820513,4.9382715,1,7,2.5641026,"Research - North Warrandyte",111,"209031214",78,"21214",6.3063064,4,2
196,147,9.392265,6.632653,17,13,2.0408163,"Heidelberg - Rosanna",149,"209011198",181,"21198",8.724833,13,3
42,52,5.263158,7.142857,2,7,9.615385,"Bundoora - West",59,"209041217",38,"21217",11.864407,3,5
239,250,11.284047,9.205021,29,15,12.0,"Lalor",195,"209041219",257,"21219",7.6923075,22,30
167,119,8.86076,8.383233,14,22,7.563025,"Heidelberg West",163,"209011199",158,"21199",13.496933,14,9
115,120,6.9565215,0.8695652,8,12,6.6666665,"Ivanhoe",136,"209011200",115,"21200",8.823529,1,8
86,99,11.392406,1.1627907,9,4,5.050505,"Ivanhoe East - Eaglemont",110,"209011201",79,"21201",3.6363637,1,5
197,173,5.7591624,3.5532994,11,11,6.936416,"Montmorency - Briar Hill",184,"209011202",191,"21202",5.978261,7,12
243,224,4.016064,4.526749,10,17,5.803571,"Viewbank - Yallambie",215,"209011203",249,"21203",7.9069767,11,13
196,177,5.4187193,8.163265,11,10,11.299435,"Preston - East",182,"209021428",203,"21428",5.4945054,16,20
162,189,5.3254437,4.3209877,9,9,6.878307,"Wattle Glen - Diamond Creek",166,"209031215",169,"21215",5.4216866,7,13
171,165,5.7291665,14.619883,11,15,4.242424,"Epping - East",203,"209041431",192,"21431",7.3891625,25,7
101,91,9.836065,8.910892,12,7,8.791209,"Epping - South",115,"209041432",122,"21432",6.0869565,9,8
60,63,6.779661,1.6666666,4,5,7.9365077,"Bundoora - North",76,"209041216",59,"21216",6.5789475,1,5
261,48,6.1611376,8.429119,13,10,6.25,"Epping - West",114,"209041433",211,"21433",8.77193,22,3
208,151,6.077348,3.3653846,11,9,5.298013,"South Morang (North)",218,"209041435",181,"21435",4.1284404,7,8
164,266,6.741573,5.487805,12,13,7.518797,"Mill Park - North",227,"209041220",178,"21220",5.7268724,9,20
124,157,4.347826,12.096774,5,12,6.3694267,"Mill Park - South",130,"209041221",115,"21221",9.230769,15,10
199,207,6.7961164,6.030151,14,18,8.212561,"Thomastown",210,"209041223",206,"21223",8.571428,12,17
284,195,4.814815,6.6901407,13,11,9.230769,"Wallan",204,"209041224",270,"21224",5.392157,19,18
81,50,4.237288,9.876543,5,9,2.0,"Whittlesea",93,"209041225",118,"21225",9.67742,8,1
456,63,4.032258,6.140351,15,12,9.523809,"Doreen",138,"209041430",372,"21430",8.695652,28,6
147,155,4.137931,8.163265,6,10,7.096774,"South Morang (South)",183,"209041436",145,"21436",5.464481,12,11
76,81,5.8139534,3.9473684,5,5,6.1728396,"Keilor",89,"210011228",86,"21228",5.6179776,3,5
283,208,8.095238,5.3003535,17,17,11.057693,"Keilor East",258,"210011229",210,"21229",6.589147,15,23
59,77,11.428572,6.779661,4,5,7.7922077,"Niddrie - Essendon West",81,"210011230",35,"21230",6.1728396,4,6
134,128,5.4545455,6.716418,6,5,8.59375,"Strathmore",120,"210011231",110,"21231",4.1666665,9,11
223,157,5.9459457,6.278027,11,8,5.0955415,"Gisborne",164,"210021232",185,"21232",4.878049,14,8
323,377,8.888889,12.383901,28,25,7.9575596,"Cranbourne",261,"212031300",315,"21300",9.578544,40,30
730,31,8.847185,6.712329,33,7,9.67742,"Cranbourne East",171,"212031301",373,"21301",4.0935674,49,3
32,49,1.754386,9.375,1,2,14.285714,"Macedon",51,"210021233",57,"21233",3.9215686,3,7
57,57,9.259259,5.263158,5,5,3.508772,"Riddells Creek",63,"210021234",54,"21234",7.9365077,3,2
122,93,3.4782608,1.6393442,4,13,5.376344,"Romsey",115,"210021235",115,"21235",11.304348,2,5
300,203,9.589041,10.666667,21,10,6.8965516,"Glenroy",226,"210031438",219,"21438",4.424779,32,14
112,111,4.7619047,8.035714,5,9,5.4054055,"Forest Hill",103,"211041269",105,"21269",8.7378645,9,6
205,201,5.1813474,5.365854,10,10,3.9800994,"Mitcham (Vic.)",196,"211041270",193,"21270",5.102041,11,8
256,164,5.7017546,6.640625,13,11,4.878049,"Pascoe Vale",189,"210031239",228,"21239",5.820106,17,8
27,38,0.0,3.7037036,0,4,5.263158,"Gowanbrae",58,"210031439",29,"21439",6.8965516,1,2
205,184,10.382514,10.731708,19,16,15.217391,"Broadmeadows",160,"210051242",183,"21242",10.0,22,28
239,204,7.66129,11.297071,19,25,11.764706,"Meadow Heights",251,"210051247",248,"21247",9.960159,27,24
228,199,6.3063064,17.105263,14,26,9.547739,"Campbellfield - Coolaroo",245,"210051243",222,"21243",10.612245,39,19
201,104,4.6783624,9.452736,8,6,5.769231,"Gladstone Park - Westmeadows",120,"210051245",171,"21245",5.0,19,6
166,168,5.3254437,9.036144,9,6,8.928572,"Greenvale - Bulla",169,"210051246",169,"21246",3.5502958,15,15
41,42,4.83871,17.073172,3,4,7.142857,"Croydon South",54,"211031452",62,"21452",7.4074073,7,3
338,284,10.588235,9.1715975,36,33,5.9859157,"Roxburgh Park - Somerton",365,"210051249",340,"21249",9.041096,31,17
129,95,9.022556,15.503876,12,9,9.473684,"Craigieburn - Central",112,"210051441",133,"21441",8.035714,20,9
420,0,7.826087,9.285714,18,2,null,"Craigieburn - West",52,"210051444",230,"21444",3.8461537,39,null
112,136,7.2580647,5.357143,9,9,9.558824,"Bayswater",127,"211011251",124,"21251",7.086614,6,13
184,135,5.319149,5.4347825,10,8,12.592592,"Knoxfield - Scoresby",153,"211011254",188,"21254",5.2287583,10,17
302,132,10.695188,7.94702,20,9,7.5757575,"Craigieburn - South",169,"210051443",187,"21443",5.3254437,24,10
51,94,2.5,13.725491,2,2,6.382979,"Lysterfield",76,"211011255",80,"21255",2.631579,7,6
92,118,5.5118113,5.4347825,7,4,7.6271186,"Rowville - North",109,"211011257",127,"21257",3.6697247,5,9
75,110,3.508772,9.333333,4,6,7.2727275,"Rowville - South",91,"211011258",114,"21258",6.5934067,7,8
158,124,1.8867924,9.49367,3,12,12.096774,"Wantirna",158,"211011259",159,"21259",7.594937,15,15
156,127,5.844156,3.8461537,9,12,4.7244096,"Wantirna South",160,"211011260",154,"21260",7.5,6,6
138,169,5.1282053,3.6231885,8,10,8.284023,"Rowville - Central",144,"211011256",156,"21256",6.9444447,5,14
227,204,8.298756,11.894273,20,12,12.254902,"Boronia",196,"211011446",241,"21446",6.122449,27,25
165,141,7.6923075,6.6666665,11,20,4.255319,"Ferntree Gully (North)",151,"211011447",143,"21447",13.245033,11,6
221,228,4.9079757,7.6923075,8,12,5.7017546,"Croydon Hills - Warranwood",203,"211031265",163,"21265",5.91133,17,13
212,135,6.878307,3.7735848,13,11,8.148149,"Ringwood",204,"211031266",189,"21266",5.392157,8,11
0,0,null,null,null,null,null,"Ferntree Gully (South) - Upper Ferntree Gully",0,"211011448",0,"21448",null,null,null
258,202,7.755102,5.0387597,19,11,4.9504952,"Ringwood East",229,"211031267",245,"21267",4.8034935,13,10
128,105,7.6923075,4.6875,9,5,3.8095238,"Ringwood North",115,"211031268",117,"21268",4.347826,6,4
58,40,6.8965516,10.344828,4,4,10.0,"The Basin",68,"211011449",58,"21449",5.882353,6,4
158,177,3.0769231,5.063291,4,5,8.474576,"Donvale - Park Orchards",153,"211021261",130,"21261",3.267974,8,15
93,142,2.9411764,8.602151,2,3,5.633803,"Warrandyte - Wonga Park",114,"211021262",68,"21262",2.631579,8,8
138,164,7.8125,14.492754,15,11,7.9268293,"Croydon - East",136,"211031450",192,"21450",8.088235,20,13
131,134,9.580838,5.3435116,16,6,7.4626865,"Croydon - West",117,"211031451",167,"21451",5.1282053,7,10
138,116,7.518797,9.42029,10,4,5.172414,"Bayswater North",146,"211031263",133,"21263",2.739726,13,6
138,120,4.6153846,1.4492754,6,3,4.1666665,"Vermont",144,"211041272",130,"21272",2.0833333,2,5
70,101,3.7037036,4.285714,4,4,3.960396,"Vermont South",107,"211041273",108,"21273",3.7383177,3,4
178,220,7.1823206,8.988764,13,10,6.818182,"Narre Warren - North East",182,"212021455",181,"21455",5.4945054,16,15
147,134,4.5454545,10.204082,6,8,8.208955,"Nunawading",120,"211041271",132,"21271",6.6666665,15,11
100,111,11.594203,6.0,16,6,9.009009,"Belgrave - Selby",134,"211051274",138,"21274",4.477612,6,10
132,106,9.345795,9.848485,10,6,5.6603775,"Chirnside Park",103,"211051275",107,"21275",5.8252425,13,6
162,96,12.5,11.111111,18,14,12.5,"Healesville - Yarra Glen",177,"211051276",144,"21276",7.9096045,18,12
98,119,6.930693,3.0612245,7,11,8.403361,"Kilsyth",91,"211051277",101,"21277",12.087913,3,10
208,243,7.9831934,7.2115383,19,10,6.995885,"Lilydale - Coldstream",227,"211051278",238,"21278",4.4052863,15,17
52,55,6.25,11.538462,4,3,12.727273,"Monbulk - Silvan",66,"211051279",64,"21279",4.5454545,6,7
92,81,7.7922077,10.869565,6,4,9.876543,"Montrose",64,"211051280",77,"21280",6.25,10,8
242,266,3.5335689,8.677686,10,12,5.6390977,"Mooroolbark",274,"211051281",283,"21281",4.379562,21,15
124,114,6.837607,12.096774,8,8,5.263158,"Mount Dandenong - Olinda",132,"211051282",117,"21282",6.060606,15,6
374,152,6.5068493,7.486631,19,20,7.236842,"Pakenham - North",232,"212011291",292,"21291",8.620689,28,11
128,137,2.7027028,7.03125,3,9,3.649635,"Mount Evelyn",133,"211051283",111,"21283",6.766917,9,5
164,161,4.7619047,8.536586,7,14,6.8322983,"Endeavour Hills - South",156,"212021454",147,"21454",8.974359,14,11
350,142,9.150327,8.285714,28,10,7.746479,"Lynbrook - Lyndhurst",253,"212031306",306,"21306",3.9525692,29,11
105,116,10.0,6.6666665,10,4,6.034483,"Pearcedale - Tooradin",112,"212031308",100,"21308",3.5714285,7,7
112,109,7.6923075,5.357143,9,10,11.926605,"Upwey - Tecoma",126,"211051284",117,"21284",7.9365077,6,13
92,107,3.5294118,8.695652,3,6,3.7383177,"Wandin - Seville",113,"211051285",85,"21285",5.3097343,8,4
186,168,9.142858,7.5268817,16,15,10.119047,"Yarra Valley",204,"211051286",175,"21286",7.352941,14,17
250,108,7.0422535,10.0,10,4,6.4814816,"Beaconsfield - Officer",118,"212011287",142,"21287",3.3898306,25,7
116,118,9.523809,6.034483,8,5,10.169492,"Bunyip - Garfield",97,"212011288",84,"21288",5.1546392,7,12
236,210,4.7413793,8.474576,11,15,8.095238,"Emerald - Cockatoo",253,"212011289",232,"21289",5.928854,20,17
101,64,7.7777777,6.930693,7,8,6.25,"Koo Wee Rup",90,"212011290",90,"21290",8.888889,7,4
536,248,6.2,5.4104476,31,20,6.451613,"Pakenham - South",399,"212011292",500,"21292",5.0125313,29,16
266,241,6.367041,4.511278,17,8,8.298756,"Berwick - North",286,"212021293",267,"21293",2.7972028,12,20
438,405,3.712297,7.305936,16,24,7.4074073,"Berwick - South",484,"212021294",431,"21294",4.958678,32,30
147,126,8.280254,11.564626,13,11,10.31746,"Doveton",144,"212021295",157,"21295",7.638889,17,13
139,104,5.9602647,8.633094,9,6,9.615385,"Hallam",130,"212021297",151,"21297",4.6153846,12,10
61,82,4.9382715,1.6393442,4,4,7.3170733,"Narre Warren North",81,"212021299",81,"21299",4.9382715,1,6
122,140,4.255319,3.2786884,6,10,3.5714285,"Endeavour Hills - North",145,"212021453",141,"21453",6.8965516,4,5
164,233,7.582938,5.487805,16,20,8.154507,"Narre Warren - South West",193,"212021456",211,"21456",10.362695,9,19
459,159,8.741259,7.1895423,25,15,8.176101,"Cranbourne North",249,"212031302",286,"21302",6.0240965,33,13
147,44,10.309278,13.605442,10,8,18.181818,"Cranbourne South",91,"212031303",97,"21303",8.791209,20,8
184,203,7.9069767,6.521739,17,11,11.82266,"Narre Warren South (East)",227,"212031457",215,"21457",4.845815,12,24
261,286,6.617647,9.578544,18,14,8.741259,"Narre Warren South (West)",313,"212031458",272,"21458",4.4728436,25,25
135,78,2.7027028,10.37037,3,7,7.6923075,"Clarinda - Oakleigh South",122,"212041309",111,"21309",5.7377048,14,6
146,120,9.459459,11.643836,14,9,11.666667,"Clayton South",112,"212041310",148,"21310",8.035714,17,14
414,229,11.13924,9.42029,44,18,13.973799,"Dandenong",353,"212041311",395,"21311",5.09915,39,32
256,240,9.349593,6.25,23,31,6.25,"Dandenong North",263,"212041312",246,"21312",11.787072,16,15
99,114,4.285714,3.030303,6,8,8.77193,"Dingley Village",118,"212041313",140,"21313",6.779661,3,10
117,120,8.823529,8.5470085,12,9,10.0,"Noble Park - East",116,"212041459",136,"21459",7.7586207,10,12
319,240,6.9204154,5.015674,20,18,6.25,"Keysborough",249,"212041314",289,"21314",7.2289157,16,15
82,60,12.345679,8.536586,10,5,11.666667,"Noble Park North",68,"212041316",81,"21316",7.352941,7,7
246,249,12.946428,9.756098,29,33,11.646586,"Springvale",189,"212041317",224,"21317",17.460318,24,29
175,141,7.4712644,9.142858,13,16,7.8014183,"Springvale South",129,"212041318",174,"21318",12.403101,16,11
218,209,8.585858,7.3394494,17,4,10.047847,"Noble Park - West",202,"212041460",198,"21460",1.980198,16,21
209,150,3.9215686,6.6985645,8,14,6.0,"Ashwood - Chadstone",197,"212051319",204,"21319",7.106599,14,9
143,147,5.970149,6.993007,8,3,6.802721,"Clayton",111,"212051320",134,"21320",2.7027028,10,10
275,198,1.8691589,3.2727273,4,2,3.5353534,"Glen Waverley - East",185,"212051321",214,"21321",1.081081,9,7
227,165,3.8461537,7.9295154,8,7,7.2727275,"Glen Waverley - West",151,"212051322",208,"21322",4.6357617,18,12
170,121,4.324324,5.2941175,8,5,2.479339,"Mount Waverley - North",113,"212051323",185,"21323",4.424779,9,3
224,182,7.772021,7.142857,15,6,5.4945054,"Mount Waverley - South",177,"212051324",193,"21324",3.3898306,16,10
237,164,7.2033896,5.485232,17,16,7.9268293,"Mulgrave",176,"212051325",236,"21325",9.090909,13,13
227,210,5.6277056,5.2863436,13,16,7.6190476,"Oakleigh - Huntingdale",240,"212051326",231,"21326",6.6666665,12,16
205,195,7.035176,6.8292685,14,5,5.1282053,"Wheelers Hill",132,"212051327",199,"21327",3.7878788,14,10
94,60,5.633803,9.574468,4,2,5.0,"Ardeer - Albion",62,"213011328",71,"21328",3.2258065,9,3
154,147,11.304348,4.5454545,13,11,5.442177,"Cairnlea",146,"213011329",115,"21329",7.5342464,7,8
166,132,8.403361,6.0240965,10,15,4.5454545,"Keilor Downs",132,"213011332",119,"21332",11.363636,10,6
463,228,9.018568,4.75162,34,16,12.719298,"Deer Park - Derrimut",386,"213011330",377,"21330",4.1450777,22,29
77,120,6.122449,11.688312,6,16,14.166667,"Delahey",108,"213011331",98,"21331",14.814815,9,17
182,89,6.395349,4.945055,11,7,5.6179776,"Kings Park (Vic.)",157,"213011333",172,"21333",4.4585986,9,5
267,234,10.434783,11.985019,24,21,7.6923075,"St Albans - North",228,"213011334",230,"21334",9.210526,32,18
144,105,8.695652,8.333333,12,14,11.428572,"Altona North",146,"213021343",138,"21343",9.589041,12,12
202,197,10.91954,7.920792,19,16,9.137055,"St Albans - South",193,"213011335",174,"21335",8.290155,16,18
151,110,10.687023,2.6490066,14,8,8.181818,"Sunshine North",103,"213011337",131,"21337",7.76699,4,9
118,147,7.76699,3.3898306,8,8,7.482993,"Sunshine",81,"213011336",103,"21336",9.876543,4,11
121,137,7.4074073,4.958678,10,8,9.489051,"Sydenham",125,"213011339",135,"21339",6.4,6,13
211,145,4.716981,7.109005,10,8,7.586207,"Sunshine West",192,"213011338",212,"21338",4.1666665,15,11
141,223,5.732484,9.929078,9,12,6.278027,"Taylors Lakes",191,"213011340",157,"21340",6.2827225,14,14
151,112,8.783784,2.6490066,13,2,10.714286,"Altona",116,"213021341",148,"21341",1.7241379,4,12
272,200,5.3639846,7.352941,14,15,7.0,"Newport",216,"213021344",261,"21344",6.9444447,20,14
106,62,4.9382715,7.5471697,4,1,1.6129032,"Seabrook",75,"213021345",81,"21345",1.3333334,8,1
193,180,3.4482758,8.8082905,5,9,6.111111,"Williamstown",174,"213021346",145,"21346",5.172414,17,11
145,83,2.2900763,3.4482758,3,6,8.433735,"West Footscray - Tottenham",113,"213031351",131,"21351",5.3097343,5,7
191,152,5.3398056,3.6649215,11,14,4.605263,"Braybrook",199,"213031347",206,"21347",7.035176,7,7
136,105,4.132231,8.823529,5,7,15.238095,"Footscray",91,"213031348",121,"21348",7.6923075,12,16
117,93,4.716981,8.5470085,5,3,7.5268817,"Maribyrnong",97,"213031349",106,"21349",3.0927835,10,7
135,71,5.0,4.4444447,7,4,11.267606,"Seddon - Kingsville",102,"213031350",140,"21350",3.9215686,6,8
210,168,8.597285,6.1904764,19,11,8.928572,"Yarraville",191,"213031352",221,"21352",5.7591624,13,15
284,232,8.181818,4.2253523,18,10,3.4482758,"Bacchus Marsh",250,"213041353",220,"21353",4.0,12,8
316,163,6.122449,8.544304,15,16,7.3619633,"Hillside",200,"213041355",245,"21355",8.0,27,12
295,253,4.4,10.169492,11,24,7.5098815,"Melton",240,"213041356",250,"21356",10.0,30,19
488,169,8.264462,8.606558,30,13,9.467456,"Melton South",215,"213041357",363,"21357",6.0465117,42,16
311,178,7.4733095,9.324759,21,15,11.797752,"Melton West",212,"213041358",281,"21358",7.075472,29,21
44,22,12.5,4.5454545,2,2,0.0,"Rockbank - Mount Cottrell",17,"213041359",16,"21359",11.764706,2,0
327,164,5.1679587,7.9510703,20,22,6.707317,"Taylors Hill",276,"213041360",387,"21360",7.9710145,26,11
83,41,8.474576,9.638555,5,2,7.3170733,"Burnside",64,"213041461",59,"21461",3.125,8,3
285,252,8.730159,3.8596492,22,16,11.904762,"Hoppers Crossing - South",236,"213051362",252,"21362",6.779661,11,30
166,51,2.3255813,3.0120482,3,7,9.803922,"Burnside Heights",99,"213041462",129,"21462",7.070707,5,5
329,352,6.705539,4.863222,23,10,3.409091,"Caroline Springs",304,"213041463",343,"21463",3.2894738,16,12
241,257,11.111111,7.0539417,26,14,7.3929963,"Hoppers Crossing - North",228,"213051361",234,"21361",6.140351,17,19
129,42,10.714286,17.054264,12,9,11.904762,"Laverton",68,"213051363",112,"21363",13.235294,22,5
867,257,9.210526,7.727797,63,45,8.949416,"Tarneit",482,"213051365",684,"21365",9.3361,67,23
638,87,5.958549,6.2695923,23,8,11.494253,"Truganina",200,"213051366",386,"21366",4.0,40,10
132,103,5.8252425,3.030303,6,4,15.53398,"Werribee - South",109,"213051368",103,"21368",3.6697247,4,16
475,220,4.5673075,9.684211,19,24,8.636364,"Wyndham Vale",336,"213051369",416,"21369",7.142857,46,19
291,106,9.59596,8.934708,19,11,9.433962,"Point Cook - East",122,"213051464",198,"21464",9.016394,26,10
450,304,7.6252723,5.5555553,35,21,8.552631,"Point Cook - North",352,"213051465",459,"21465",5.965909,25,26
293,256,6.614786,8.87372,17,20,7.03125,"Werribee - East",247,"213051467",257,"21467",8.097166,26,18
169,126,9.285714,11.242603,13,12,6.3492064,"Werribee - West",129,"213051468",140,"21468",9.302325,19,8
287,241,9.090909,8.36237,25,31,10.373444,"Carrum Downs",302,"214011370",275,"21370",10.2649,24,25
218,205,8.333333,8.256881,20,14,5.8536587,"Frankston",212,"214011371",240,"21371",6.6037736,18,12
225,215,14.644351,8.888889,35,40,15.348837,"Frankston North",229,"214011372",239,"21372",17.467249,20,33
236,159,7.109005,6.779661,15,15,8.176101,"Frankston South",202,"214011373",211,"21373",7.4257426,16,13
304,286,5.279503,8.881579,17,17,8.741259,"Langwarrin",330,"214011374",322,"21374",5.151515,27,25
194,151,6.547619,5.670103,11,15,9.933775,"Seaford (Vic.)",174,"214011375",168,"21375",8.620689,11,15
180,141,7.4468083,11.666667,14,12,8.510638,"Skye - Sandhurst",160,"214011376",188,"21376",7.5,21,12
118,83,14.049587,6.779661,17,5,7.2289157,"Dromana",83,"214021377",121,"21377",6.0240965,8,6
52,40,5.882353,1.9230769,3,3,0.0,"Flinders",60,"214021378",51,"21378",5.0,1,0
286,257,8.212561,7.6923075,17,25,9.727627,"Hastings - Somers",293,"214021379",207,"21379",8.532423,22,25
233,267,7.0945945,5.579399,21,21,9.363296,"Mornington",302,"214021380",296,"21380",6.9536424,13,25
282,225,5.223881,3.9007092,14,9,6.2222223,"Mount Eliza",206,"214021381",268,"21381",4.3689322,11,14
206,220,4.296875,4.854369,11,9,13.181818,"Mount Martha",233,"214021382",256,"21382",3.862661,10,29
169,155,5.7416267,10.650887,12,10,16.129032,"Point Nepean",198,"214021383",209,"21383",5.050505,18,25
209,196,7.582938,7.6555023,16,8,10.714286,"Rosebud - McCrae",197,"214021384",211,"21384",4.0609136,16,21
112,108,10.280374,14.285714,11,17,7.4074073,"Mooroopna",121,"216031415",107,"21415",14.049587,16,8
223,190,9.929078,10.313901,28,13,7.894737,"Shepparton - North",244,"216031416",282,"21416",5.327869,23,15
210,206,2.8735633,8.095238,5,13,7.2815533,"Somerville",191,"214021385",174,"21385",6.8062825,17,15
347,297,9.226191,11.815562,31,28,6.060606,"Shepparton - South",339,"216031417",336,"21417",8.259587,41,18
45,44,7.142857,4.4444447,3,7,4.5454545,"Shepparton Region - East",60,"216031418",42,"21418",11.666667,2,2
110,123,6.081081,2.7272727,9,7,4.0650406,"Shepparton Region - West",146,"216031419",148,"21419",4.7945204,3,5
85,97,12.35955,8.235294,11,10,8.247422,"Glenelg (Vic.)",88,"217011420",89,"21420",11.363636,7,8
98,131,6.722689,9.183674,8,4,7.633588,"Hamilton (Vic.)",105,"217011421",119,"21421",3.8095238,9,10
103,156,9.734513,13.592233,11,5,6.4102564,"Portland",132,"217011422",113,"21422",3.7878788,14,10
70,67,2.5316455,15.714286,2,2,8.955224,"Southern Grampians",68,"217011423",79,"21423",2.9411764,11,6
79,90,13.580247,12.658228,11,8,5.5555553,"Ararat",97,"215011386",81,"21386",8.247422,10,5
40,28,6.6666665,5.0,2,6,17.857143,"Ararat Region",32,"215011387",30,"21387",18.75,2,5
39,49,11.764706,10.256411,4,2,4.0816326,"Rochester",38,"216011409",34,"21409",5.263158,4,2
205,189,9.859155,11.219512,21,14,8.465609,"Horsham",222,"215011388",213,"21388",6.3063064,23,16
37,34,4.6511626,5.4054055,2,1,5.882353,"Horsham Region",34,"215011389",43,"21389",2.9411764,2,2
73,85,7.352941,9.589041,5,7,11.764706,"Nhill Region",62,"215011390",68,"21390",11.290322,7,10
93,88,7.4626865,4.3010755,5,6,15.909091,"Stawell",92,"215011392",67,"21392",6.521739,4,14
31,31,10.256411,25.806452,4,0,6.451613,"West Wimmera",19,"215011393",39,"21393",0.0,8,2
89,68,4.4444447,7.8651686,4,1,14.705882,"Irymple",84,"215021395",90,"21395",1.1904762,7,10
56,54,14.285714,1.7857143,8,4,7.4074073,"Merbein",62,"215021396",56,"21396",6.451613,1,4
203,168,7.7777777,9.359606,14,24,8.928572,"Mildura - South",220,"215021470",180,"21470",10.909091,19,15
52,62,11.47541,11.538462,7,10,9.67742,"Buloke",81,"215031400",61,"21400",12.345679,6,6
69,54,11.111111,7.246377,7,4,14.814815,"Gannawarra",80,"215031401",63,"21401",5.0,5,8
27,40,6.451613,7.4074073,2,2,12.5,"Kerang",32,"215031402",31,"21402",6.25,2,5
55,65,8.333333,1.8181819,6,1,12.307693,"Robinvale",55,"215031403",72,"21403",1.8181819,1,8
166,146,8.264462,9.638555,10,8,16.438356,"Swan Hill",130,"215031404",121,"21404",6.1538463,16,24
73,52,10.638298,8.219178,10,8,5.769231,"Swan Hill Region",92,"215031405",94,"21405",8.695652,6,3
189,208,7.26257,8.465609,13,10,4.8076925,"Echuca",191,"216011406",179,"21406",5.235602,16,10
46,43,6.0,15.217391,3,5,2.3255813,"Lockington - Gunbower",49,"216011408",50,"21408",10.204082,7,1
61,75,6.4102564,13.114754,5,5,5.3333335,"Cobram",72,"216021411",78,"21411",6.9444447,8,4
24,22,4.7619047,4.1666665,1,2,18.181818,"Moira",24,"216021412",21,"21412",8.333333,1,4
136,144,8.403361,5.147059,10,9,9.722222,"Numurkah",159,"216021413",119,"21413",5.6603775,7,14
93,61,6.3157897,13.978495,6,0,8.196721,"Yarrawonga",92,"216021414",95,"21414",0.0,13,5
45,30,8.823529,15.555555,3,4,6.6666665,"Camperdown",46,"217031471",34,"21471",8.695652,7,2
167,149,13.609468,13.173653,23,13,6.0402684,"Colac",169,"217031472",169,"21472",7.6923075,22,9
58,56,5.357143,8.620689,3,3,7.142857,"Colac Region",59,"217031473",56,"21473",5.084746,5,4
63,64,3.508772,14.285714,2,10,10.9375,"Corangamite - North",72,"217031474",57,"21474",13.888889,9,7
97,100,11.235955,9.278351,10,10,6.0,"Corangamite - South",95,"217031475",89,"21475",10.526316,9,6
28,36,20.0,10.714286,6,7,8.333333,"Otway",32,"217031476",30,"21476",21.875,3,3
74,87,2.020202,1.3513514,2,3,5.7471266,"Moyne - East",103,"217041477",99,"21477",2.9126213,1,5
109,119,13.385827,6.4220185,17,14,5.882353,"Moyne - West",143,"217041478",127,"21478",9.79021,7,7
209,260,7.6642337,6.6985645,21,21,8.846154,"Warrnambool - North",266,"217041479",274,"21479",7.894737,14,23
138,146,10.457517,2.8985507,16,6,13.013699,"Warrnambool - South",127,"217041480",153,"21480",4.7244096,4,19
